ID,Timestamp,LogLevel,Source,Target,UserId,UserEmail,Description,ErrorMessage,StackTrace
00017995-fe4a-49c0-94de-d96511f74c98,2026-06-17T18:04:07.7077070,Error,API,/api/system-logs,d0793047-5e24-43f6-92c1-ab660d5264b2,t@t.com,Unhandled Exception: Unexpected end of request content.,Unexpected end of request content.,"   at Microsoft.AspNetCore.Server.Kestrel.Core.Internal.Http.Http1ContentLengthMessageBody.ReadAsyncInternal(CancellationToken cancellationToken)
   at System.Runtime.CompilerServices.PoolingAsyncValueTaskMethodBuilder`1.StateMachineBox`1.System.Threading.Tasks.Sources.IValueTaskSource<TResult>.GetResult(Int16 token)
   at Microsoft.AspNetCore.Server.Kestrel.Core.Internal.Http.HttpRequestStream.ReadAsyncInternal(Memory`1 destination, CancellationToken cancellationToken)
   at System.Runtime.CompilerServices.PoolingAsyncValueTaskMethodBuilder`1.StateMachineBox`1.System.Threading.Tasks.Sources.IValueTaskSource<TResult>.GetResult(Int16 token)
   at System.Text.Json.Serialization.StreamReadBufferState.ReadAsync(Stream stream, CancellationToken cancellationToken, Boolean fillBuffer)
   at System.Text.Json.Serialization.Metadata.JsonTypeInfo`1.DeserializeAsync[TReadBufferState,TStream](TStream utf8Json, TReadBufferState bufferState, CancellationToken cancellationToken)
   at System.Text.Json.Serialization.Metadata.JsonTypeInfo`1.DeserializeAsObjectAsync(Stream utf8Json, CancellationToken cancellationToken)
   at Microsoft.AspNetCore.Mvc.Formatters.SystemTextJsonInputFormatter.ReadRequestBodyAsync(InputFormatterContext context, Encoding encoding)
   at Microsoft.AspNetCore.Mvc.Formatters.SystemTextJsonInputFormatter.ReadRequestBodyAsync(InputFormatterContext context, Encoding encoding)
   at Microsoft.AspNetCore.Mvc.ModelBinding.Binders.BodyModelBinder.BindModelAsync(ModelBindingContext bindingContext)
   at Microsoft.AspNetCore.Mvc.ModelBinding.ParameterBinder.BindModelAsync(ActionContext actionContext, IModelBinder modelBinder, IValueProvider valueProvider, ParameterDescriptor parameter, ModelMetadata metadata, Object value, Object container)
   at Microsoft.AspNetCore.Mvc.Controllers.ControllerBinderDelegateProvider.<>c__DisplayClass0_0.<<CreateBinderDelegate>g__Bind|0>d.MoveNext()
--- End of stack trace from previous location ---
   at Microsoft.AspNetCore.Mvc.Infrastructure.ControllerActionInvoker.<InvokeInnerFilterAsync>g__Awaited|13_0(ControllerActionInvoker invoker, Task lastTask, State next, Scope scope, Object state, Boolean isCompleted)
   at Microsoft.AspNetCore.Mvc.Infrastructure.ResourceInvoker.<InvokeFilterPipelineAsync>g__Awaited|20_0(ResourceInvoker invoker, Task lastTask, State next, Scope scope, Object state, Boolean isCompleted)
   at Microsoft.AspNetCore.Mvc.Infrastructure.ResourceInvoker.<InvokeAsync>g__Logged|17_1(ResourceInvoker invoker)
   at Microsoft.AspNetCore.Mvc.Infrastructure.ResourceInvoker.<InvokeAsync>g__Logged|17_1(ResourceInvoker invoker)
   at Microsoft.AspNetCore.Routing.EndpointMiddleware.<Invoke>g__AwaitRequestTask|7_0(Endpoint endpoint, Task requestTask, ILogger logger)
   at Microsoft.AspNetCore.Authorization.AuthorizationMiddleware.Invoke(HttpContext context)
   at Microsoft.AspNetCore.Authentication.AuthenticationMiddleware.Invoke(HttpContext context)
   at Swashbuckle.AspNetCore.SwaggerUI.SwaggerUIMiddleware.Invoke(HttpContext httpContext)
   at Swashbuckle.AspNetCore.Swagger.SwaggerMiddleware.Invoke(HttpContext httpContext, ISwaggerProvider swaggerProvider)
   at WhereIsTheTrain.API.Middleware.ExceptionHandlingMiddleware.InvokeAsync(HttpContext context) in C:\Users\progk\.gemini\antigravity\scratch\where-is-the-train\backend\src\WhereIsTheTrain.API\Middleware\ExceptionHandlingMiddleware.cs:line 26"
00265809-b888-4f07-9eb0-23b5eefd2d65,2026-06-17T18:00:32.4201520,Error,Frontend,http://localhost:5245/api/trips/5212ec3a-a97b-491e-9f65-08650793a9ab/telemetry,d0793047-5e24-43f6-92c1-ab660d5264b2,t@t.com,API request failed: Telemetry discarded: raw coordinate is too far from the track.,Telemetry discarded: raw coordinate is too far from the track.,
00a05d4b-0324-4646-80e7-187d079085f0,2026-06-17T17:57:43.2587460,Error,API,/api/trips/5212ec3a-a97b-491e-9f65-08650793a9ab/status,d0793047-5e24-43f6-92c1-ab660d5264b2,t@t.com,Unhandled Exception: Connect Timeout expired.,Connect Timeout expired.,"   at MySqlConnector.MySqlConnection.CreateSessionAsync(ConnectionPool pool, Int64 startingTimestamp, Activity activity, Nullable`1 ioBehavior, CancellationToken cancellationToken) in /_/src/MySqlConnector/MySqlConnection.cs:line 951
   at MySqlConnector.MySqlConnection.OpenAsync(Nullable`1 ioBehavior, CancellationToken cancellationToken) in /_/src/MySqlConnector/MySqlConnection.cs:line 419
   at Microsoft.EntityFrameworkCore.ServerVersion.AutoDetect(String connectionString)
   at WhereIsTheTrain.Infrastructure.DependencyInjection.<>c__DisplayClass0_0.<AddInfrastructure>b__0(DbContextOptionsBuilder options) in C:\Users\progk\.gemini\antigravity\scratch\where-is-the-train\backend\src\WhereIsTheTrain.Infrastructure\DependencyInjection.cs:line 20
   at Microsoft.Extensions.DependencyInjection.EntityFrameworkServiceCollectionExtensions.CreateDbContextOptions[TContext](IServiceProvider applicationServiceProvider, Action`2 optionsAction)
   at ResolveService(ILEmitResolverBuilderRuntimeContext, ServiceProviderEngineScope)
   at ResolveService(ILEmitResolverBuilderRuntimeContext, ServiceProviderEngineScope)
   at Microsoft.Extensions.DependencyInjection.ServiceLookup.ServiceProviderEngineScope.GetService(Type serviceType)
   at lambda_method357(Closure, IServiceProvider, Object[])
   at Microsoft.AspNetCore.Mvc.TypeFilterAttribute.CreateInstance(IServiceProvider serviceProvider)
   at Microsoft.AspNetCore.Mvc.Filters.DefaultFilterProvider.ProvideFilter(FilterProviderContext context, FilterItem filterItem)
   at Microsoft.AspNetCore.Mvc.Filters.FilterFactory.CreateUncachedFiltersCore(IFilterProvider[] filterProviders, ActionContext actionContext, List`1 filterItems)
   at Microsoft.AspNetCore.Mvc.Infrastructure.ControllerActionInvokerCache.GetCachedResult(ControllerContext controllerContext)
   at Microsoft.AspNetCore.Mvc.Routing.ControllerRequestDelegateFactory.<>c__DisplayClass12_0.<CreateRequestDelegate>b__0(HttpContext context)
   at Microsoft.AspNetCore.Routing.EndpointMiddleware.Invoke(HttpContext httpContext)
   at Microsoft.AspNetCore.Authorization.AuthorizationMiddleware.Invoke(HttpContext context)
   at Microsoft.AspNetCore.Authentication.AuthenticationMiddleware.Invoke(HttpContext context)
   at Swashbuckle.AspNetCore.SwaggerUI.SwaggerUIMiddleware.Invoke(HttpContext httpContext)
   at Swashbuckle.AspNetCore.Swagger.SwaggerMiddleware.Invoke(HttpContext httpContext, ISwaggerProvider swaggerProvider)
   at WhereIsTheTrain.API.Middleware.ExceptionHandlingMiddleware.InvokeAsync(HttpContext context) in C:\Users\progk\.gemini\antigravity\scratch\where-is-the-train\backend\src\WhereIsTheTrain.API\Middleware\ExceptionHandlingMiddleware.cs:line 26"
00acfb1b-1886-449f-aaf4-c652b80835fc,2026-06-19T17:54:56.1622790,Info,AdminAction,/api/admin/users/d0793047-5e24-43f6-92c1-ab660d5264b2/suspend,00000000-0000-0000-0000-000000009002,superadmin@whereisthetrain.com,"Admin executed PUT on /api/admin/users/d0793047-5e24-43f6-92c1-ab660d5264b2/suspend. Action: WhereIsTheTrain.API.Controllers.AdminController.ToggleUserSuspension (WhereIsTheTrain.API). Payload: {""id"":""d0793047-5e24-43f6-92c1-ab660d5264b2"",""request"":{""IsSuspended"":false}}",,
079e82e7-ac56-471b-987d-070480b83ee3,2026-06-16T18:18:33.0180560,Error,Mobile,http://192.168.1.11:5245/api/trips/bdfb9560-05b7-4044-b64d-01b031c4cf5a/status,,,Mobile API request failed: Request failed with status code 400,Request failed with status code 400,
08f6e1c9-22aa-4b0d-9e55-6bf34cae014d,2026-06-17T18:00:32.3699260,Error,Frontend,http://localhost:5245/api/trips/5212ec3a-a97b-491e-9f65-08650793a9ab/telemetry,d0793047-5e24-43f6-92c1-ab660d5264b2,t@t.com,API request failed: Telemetry discarded: raw coordinate is too far from the track.,Telemetry discarded: raw coordinate is too far from the track.,
08fb6d9c-8408-4e28-a532-0cc8efc0d149,2026-06-16T19:15:18.7260150,Error,Mobile,http://192.168.1.11:5245/api/trips/07677dd5-c59b-464e-9723-de6adaf71aaa/telemetry,,,Mobile API request failed: Telemetry discarded: raw coordinate is too far from the track.,Telemetry discarded: raw coordinate is too far from the track.,
09ae7b0a-0247-4ffd-a795-82f6329e902e,2026-06-16T23:16:29.5912030,Error,Frontend,http://localhost:5245/api/trips/a37953de-28e8-4857-94f5-e105faeeda47/telemetry,d0793047-5e24-43f6-92c1-ab660d5264b2,t@t.com,API request failed: Telemetry discarded: raw coordinate is too far from the track.,Telemetry discarded: raw coordinate is too far from the track.,
0a1ba601-371a-44c0-a4dc-0cafdfa728da,2026-06-17T17:58:14.8293850,Error,Frontend,http://localhost:5245/api/trips/5212ec3a-a97b-491e-9f65-08650793a9ab/telemetry,d0793047-5e24-43f6-92c1-ab660d5264b2,t@t.com,API request failed: Telemetry discarded: raw coordinate is too far from the track.,Telemetry discarded: raw coordinate is too far from the track.,
0db02d2c-27e3-486c-8b1b-8f4d41da8623,2026-06-16T19:06:10.7991750,Error,Mobile,http://192.168.1.11:5245/api/trips/b4cb95f2-4499-496e-ad63-961a80566bb7/telemetry,,,Mobile API request failed: Telemetry discarded: raw coordinate is too far from the track.,Telemetry discarded: raw coordinate is too far from the track.,
0df64003-84f6-4c34-b2cf-01bb0d833b3a,2026-06-19T17:40:22.0217480,Error,Admin,http://localhost:5245/api/admin/suggestions/trains/69b62583-2f35-488d-9646-2730ea88bf55/review,00000000-0000-0000-0000-000000009002,superadmin@whereisthetrain.com,API request failed: Suggestion has already been reviewed.,Suggestion has already been reviewed.,
0fafd35a-02d2-44b7-af05-b572c429ea47,2026-06-16T23:14:39.5697050,Error,Frontend,http://localhost:5245/api/trips/a37953de-28e8-4857-94f5-e105faeeda47/telemetry,d0793047-5e24-43f6-92c1-ab660d5264b2,t@t.com,API request failed: Telemetry discarded: raw coordinate is too far from the track.,Telemetry discarded: raw coordinate is too far from the track.,
122a185e-6c07-4070-ad5d-466cd1b82d3d,2026-06-16T19:13:52.3222190,Error,Mobile,http://192.168.1.11:5245/api/trips/07677dd5-c59b-464e-9723-de6adaf71aaa/telemetry,,,Mobile API request failed: Telemetry discarded: raw coordinate is too far from the track.,Telemetry discarded: raw coordinate is too far from the track.,
151ec49d-b122-4c3a-8bb5-cd9661439ec2,2026-06-16T19:04:26.6022500,Error,Mobile,http://192.168.1.11:5245/api/trips/b4cb95f2-4499-496e-ad63-961a80566bb7/status,,,Mobile API request failed: Request failed with status code 400,Request failed with status code 400,
16e9d3ea-4264-4a5e-970e-b61345586d6b,2026-06-17T17:49:27.2870030,Error,API,/api/admin/system-settings,00000000-0000-0000-0000-000000009002,superadmin@whereisthetrain.com,Unhandled Exception: Connect Timeout expired.,Connect Timeout expired.,"   at MySqlConnector.MySqlConnection.CreateSessionAsync(ConnectionPool pool, Int64 startingTimestamp, Activity activity, Nullable`1 ioBehavior, CancellationToken cancellationToken) in /_/src/MySqlConnector/MySqlConnection.cs:line 951
   at MySqlConnector.MySqlConnection.OpenAsync(Nullable`1 ioBehavior, CancellationToken cancellationToken) in /_/src/MySqlConnector/MySqlConnection.cs:line 419
   at Microsoft.EntityFrameworkCore.ServerVersion.AutoDetect(String connectionString)
   at WhereIsTheTrain.Infrastructure.DependencyInjection.<>c__DisplayClass0_0.<AddInfrastructure>b__0(DbContextOptionsBuilder options) in C:\Users\progk\.gemini\antigravity\scratch\where-is-the-train\backend\src\WhereIsTheTrain.Infrastructure\DependencyInjection.cs:line 20
   at Microsoft.Extensions.DependencyInjection.EntityFrameworkServiceCollectionExtensions.CreateDbContextOptions[TContext](IServiceProvider applicationServiceProvider, Action`2 optionsAction)
   at ResolveService(ILEmitResolverBuilderRuntimeContext, ServiceProviderEngineScope)
   at ResolveService(ILEmitResolverBuilderRuntimeContext, ServiceProviderEngineScope)
   at Microsoft.Extensions.DependencyInjection.ServiceLookup.ServiceProviderEngineScope.GetService(Type serviceType)
   at lambda_method357(Closure, IServiceProvider, Object[])
   at Microsoft.AspNetCore.Mvc.TypeFilterAttribute.CreateInstance(IServiceProvider serviceProvider)
   at Microsoft.AspNetCore.Mvc.Filters.DefaultFilterProvider.ProvideFilter(FilterProviderContext context, FilterItem filterItem)
   at Microsoft.AspNetCore.Mvc.Filters.FilterFactory.CreateUncachedFiltersCore(IFilterProvider[] filterProviders, ActionContext actionContext, List`1 filterItems)
   at Microsoft.AspNetCore.Mvc.Filters.FilterFactory.GetAllFilters(IFilterProvider[] filterProviders, ActionContext actionContext)
   at Microsoft.AspNetCore.Mvc.Infrastructure.ControllerActionInvokerCache.GetCachedResult(ControllerContext controllerContext)
   at Microsoft.AspNetCore.Mvc.Routing.ControllerRequestDelegateFactory.<>c__DisplayClass12_0.<CreateRequestDelegate>b__0(HttpContext context)
   at Microsoft.AspNetCore.Routing.EndpointMiddleware.Invoke(HttpContext httpContext)
   at Microsoft.AspNetCore.Authorization.AuthorizationMiddleware.Invoke(HttpContext context)
   at Microsoft.AspNetCore.Authentication.AuthenticationMiddleware.Invoke(HttpContext context)
   at Swashbuckle.AspNetCore.SwaggerUI.SwaggerUIMiddleware.Invoke(HttpContext httpContext)
   at Swashbuckle.AspNetCore.Swagger.SwaggerMiddleware.Invoke(HttpContext httpContext, ISwaggerProvider swaggerProvider)
   at WhereIsTheTrain.API.Middleware.ExceptionHandlingMiddleware.InvokeAsync(HttpContext context) in C:\Users\progk\.gemini\antigravity\scratch\where-is-the-train\backend\src\WhereIsTheTrain.API\Middleware\ExceptionHandlingMiddleware.cs:line 26"
176638b0-31b8-4217-8b48-4c9809fd26ab,2026-06-16T23:14:59.5586320,Error,Frontend,http://localhost:5245/api/trips/a37953de-28e8-4857-94f5-e105faeeda47/telemetry,d0793047-5e24-43f6-92c1-ab660d5264b2,t@t.com,API request failed: Telemetry discarded: raw coordinate is too far from the track.,Telemetry discarded: raw coordinate is too far from the track.,
1846e778-6c73-4c8e-bf03-921ce205a3e9,2026-06-16T18:19:41.5735360,Error,Mobile,http://192.168.1.11:5245/api/trips/dc38b510-bb84-4c40-b333-d4b37e2b7d5d/telemetry,,,Mobile API request failed: Telemetry discarded: raw coordinate is too far from the track.,Telemetry discarded: raw coordinate is too far from the track.,
1bf92529-051a-4969-9934-cce0adfd869d,2026-06-17T18:00:31.9001640,Error,Frontend,http://localhost:5245/api/trips/5212ec3a-a97b-491e-9f65-08650793a9ab/telemetry,d0793047-5e24-43f6-92c1-ab660d5264b2,t@t.com,API request failed: Request failed with status 500,Request failed with status 500,
1d0a630e-d322-4cd8-83ae-b3ed5060a151,2026-06-17T17:57:43.9795240,Error,Frontend,http://localhost:5245/api/dashboard/disruptions?_t=1781719012117,d0793047-5e24-43f6-92c1-ab660d5264b2,t@t.com,API request failed: Request failed with status 500,Request failed with status 500,
1dcee10e-2651-4777-a89c-4591a8b7a79f,2026-06-16T18:18:44.9029880,Error,Mobile,http://192.168.1.11:5245/api/trips/dc38b510-bb84-4c40-b333-d4b37e2b7d5d/status,,,Mobile API request failed: Request failed with status code 400,Request failed with status code 400,
1e3029a9-1572-47cc-b3a9-ab93f026cedd,2026-06-17T17:49:32.3374680,Info,AdminAction,/api/admin/system-settings,00000000-0000-0000-0000-000000009002,superadmin@whereisthetrain.com,"Admin executed PUT on /api/admin/system-settings. Action: WhereIsTheTrain.API.Controllers.AdminController.UpdateSystemSettings (WhereIsTheTrain.API). Payload: {""command"":{""LostFoundPostAutoPublish"":true,""LostFoundCommentAutoPublish"":true,""TripLiveUpdateAutoPublish"":true,""TripLiveUpdateRemovalAutoApprove"":false,""AdsEnabledPages"":""{\u0022tripDetails\u0022:false,\u0022trainDetails\u0022:false,\u0022dashboard\u0022:true,\u0022lostFound\u0022:false,\u0022profile\u0022:true,\u0022suggestions\u0022:false,\u0022search\u0022:false}""}}",,
1f8fec3a-b97f-454a-942f-2d14564c8ed6,2026-06-17T18:03:57.6448460,Error,Frontend,http://localhost:5245/api/trips/5212ec3a-a97b-491e-9f65-08650793a9ab/telemetry,d0793047-5e24-43f6-92c1-ab660d5264b2,t@t.com,API request failed: Telemetry discarded: raw coordinate is too far from the track.,Telemetry discarded: raw coordinate is too far from the track.,
2197af50-8a84-4e2b-8d25-da60aab31729,2026-06-16T19:14:47.2017370,Error,Mobile,http://192.168.1.11:5245/api/trips/07677dd5-c59b-464e-9723-de6adaf71aaa/updates,,,Mobile API request failed: Cannot modify a finished or cancelled trip.,Cannot modify a finished or cancelled trip.,
22f2735b-6c6b-4cd0-9b6f-9d0b15379a7f,2026-06-23T15:16:15.3174410,Info,AdminAction,/api/admin/auth/login,,,"Admin executed POST on /api/admin/auth/login. Action: WhereIsTheTrain.API.Controllers.AdminAuthController.Login (WhereIsTheTrain.API). Payload: {""dto"":{""Email"":""superadmin@whereisthetrain.com"",""Password"":""SuperAdmin@123"",""RememberMe"":true}}",,
230f5cfb-74a2-45ec-9c48-f4f56393d0f7,2026-06-17T18:00:32.6188210,Error,Frontend,http://localhost:5245/api/trips/5212ec3a-a97b-491e-9f65-08650793a9ab/telemetry,d0793047-5e24-43f6-92c1-ab660d5264b2,t@t.com,API request failed: Telemetry discarded: raw coordinate is too far from the track.,Telemetry discarded: raw coordinate is too far from the track.,
27c3b0f9-6bd4-40e8-be40-d57df5ecaefa,2026-06-17T18:03:32.4582340,Error,Frontend,http://localhost:5245/api/trips/5212ec3a-a97b-491e-9f65-08650793a9ab/telemetry,d0793047-5e24-43f6-92c1-ab660d5264b2,t@t.com,API request failed: Request failed with status 500,Request failed with status 500,
27ef26ab-18eb-4a59-a21e-257a36e2ff9e,2026-06-16T19:13:22.3505750,Error,Mobile,http://192.168.1.11:5245/api/trips/07677dd5-c59b-464e-9723-de6adaf71aaa/telemetry,,,Mobile API request failed: Telemetry discarded: raw coordinate is too far from the track.,Telemetry discarded: raw coordinate is too far from the track.,
28448597-304d-4e0b-9661-c4121545ff50,2026-06-16T23:14:26.6842610,Error,Frontend,http://localhost:5245/api/trips/a37953de-28e8-4857-94f5-e105faeeda47/telemetry,d0793047-5e24-43f6-92c1-ab660d5264b2,t@t.com,API request failed: Telemetry discarded: raw coordinate is too far from the track.,Telemetry discarded: raw coordinate is too far from the track.,
29efcfa7-5ee8-4a98-a1cc-6cb5d5d54f50,2026-06-19T17:40:16.8194190,Error,Admin,http://localhost:5245/api/admin/suggestions/trains/69b62583-2f35-488d-9646-2730ea88bf55/review,00000000-0000-0000-0000-000000009002,superadmin@whereisthetrain.com,API request failed: A train with number 983 already exists in the system.,A train with number 983 already exists in the system.,
2c789676-e4c0-479b-bfa7-eb5d44853c28,2026-06-16T23:05:46.3820220,Info,AdminAction,/api/admin/trips/bdfb9560-05b7-4044-b64d-01b031c4cf5a/status,00000000-0000-0000-0000-000000009002,superadmin@whereisthetrain.com,"Admin executed PUT on /api/admin/trips/bdfb9560-05b7-4044-b64d-01b031c4cf5a/status. Action: WhereIsTheTrain.API.Controllers.AdminController.UpdateTripStatus (WhereIsTheTrain.API). Payload: {""id"":""bdfb9560-05b7-4044-b64d-01b031c4cf5a"",""request"":{""Status"":3,""ActualDeparture"":null,""ActualArrival"":null}}",,
2cb48874-503a-4026-8d4f-b5a03bd5292a,2026-06-16T19:14:51.6963980,Error,Mobile,http://192.168.1.11:5245/api/trips/07677dd5-c59b-464e-9723-de6adaf71aaa/updates,,,Mobile API request failed: Cannot modify a finished or cancelled trip.,Cannot modify a finished or cancelled trip.,
2fa17c18-db96-4247-9756-2a847c7cead4,2026-06-17T18:00:32.9410630,Error,Frontend,http://localhost:5245/api/trips/5212ec3a-a97b-491e-9f65-08650793a9ab/telemetry,d0793047-5e24-43f6-92c1-ab660d5264b2,t@t.com,API request failed: Telemetry discarded: raw coordinate is too far from the track.,Telemetry discarded: raw coordinate is too far from the track.,
34c04358-e6de-4f88-9689-04b9f151c283,2026-06-16T23:16:19.5827270,Error,Frontend,http://localhost:5245/api/trips/a37953de-28e8-4857-94f5-e105faeeda47/telemetry,d0793047-5e24-43f6-92c1-ab660d5264b2,t@t.com,API request failed: Telemetry discarded: raw coordinate is too far from the track.,Telemetry discarded: raw coordinate is too far from the track.,
36c585d0-b9c2-4795-868b-6a05477f6a7b,2026-06-16T19:14:48.7156960,Error,Mobile,http://192.168.1.11:5245/api/trips/07677dd5-c59b-464e-9723-de6adaf71aaa/telemetry,,,Mobile API request failed: Telemetry discarded: raw coordinate is too far from the track.,Telemetry discarded: raw coordinate is too far from the track.,
37b81a30-ba4b-4de6-9433-e3dd151feac2,2026-06-19T17:34:45.2663110,Error,Admin,http://localhost:5245/api/lost-found/f059423a-e912-4511-98c5-e03f41d605ff?_t=1781890485095,00000000-0000-0000-0000-000000009002,superadmin@whereisthetrain.com,API request failed: Post not found.,Post not found.,
392dcec7-333f-4b9e-ba7d-13b46aa64f75,2026-06-17T18:03:32.6680010,Error,Frontend,http://localhost:5245/api/trips/5212ec3a-a97b-491e-9f65-08650793a9ab/telemetry,d0793047-5e24-43f6-92c1-ab660d5264b2,t@t.com,API request failed: Request failed with status 500,Request failed with status 500,
3a7e6c10-5191-402e-b9cc-70c73df6bf4f,2026-06-17T18:03:32.9224460,Error,Frontend,http://localhost:5245/api/trips/5212ec3a-a97b-491e-9f65-08650793a9ab/telemetry,d0793047-5e24-43f6-92c1-ab660d5264b2,t@t.com,API request failed: Telemetry discarded: raw coordinate is too far from the track.,Telemetry discarded: raw coordinate is too far from the track.,
3c087a24-70d0-4dd7-9bf2-9b7646330485,2026-06-19T16:02:33.8383330,Info,AdminAction,/api/admin/system-settings,00000000-0000-0000-0000-000000009002,superadmin@whereisthetrain.com,"Admin executed PUT on /api/admin/system-settings. Action: WhereIsTheTrain.API.Controllers.AdminController.UpdateSystemSettings (WhereIsTheTrain.API). Payload: {""command"":{""LostFoundPostAutoPublish"":false,""LostFoundCommentAutoPublish"":true,""TripLiveUpdateAutoPublish"":true,""TripLiveUpdateRemovalAutoApprove"":true,""AdsEnabledPages"":""{\u0022tripDetails\u0022:true,\u0022trainDetails\u0022:false,\u0022dashboard\u0022:false,\u0022lostFound\u0022:false,\u0022profile\u0022:false,\u0022suggestions\u0022:false,\u0022search\u0022:false}""}}",,
3d4041a7-6df7-4bc0-807c-b97e676996d7,2026-06-19T17:58:42.7447380,Info,AdminAction,/api/admin/system-settings,00000000-0000-0000-0000-000000009002,superadmin@whereisthetrain.com,"Admin executed PUT on /api/admin/system-settings. Action: WhereIsTheTrain.API.Controllers.AdminController.UpdateSystemSettings (WhereIsTheTrain.API). Payload: {""command"":{""LostFoundPostAutoPublish"":false,""LostFoundCommentAutoPublish"":true,""TripLiveUpdateAutoPublish"":true,""TripLiveUpdateRemovalAutoApprove"":true,""AdsEnabledPages"":""{\u0022tripDetails\u0022:true,\u0022trainDetails\u0022:true,\u0022dashboard\u0022:true,\u0022lostFound\u0022:true,\u0022profile\u0022:true,\u0022suggestions\u0022:true,\u0022search\u0022:true}""}}",,
3fb788b5-433b-4ca8-9230-dc88b257ad53,2026-06-16T18:19:51.5812190,Error,Mobile,http://192.168.1.11:5245/api/trips/dc38b510-bb84-4c40-b333-d4b37e2b7d5d/telemetry,,,Mobile API request failed: Telemetry discarded: raw coordinate is too far from the track.,Telemetry discarded: raw coordinate is too far from the track.,
41a14f1c-e11b-4eea-afb3-1f64e6693886,2026-06-19T18:00:06.3993860,Error,Frontend,http://localhost:5245/api/trips/054c7aa3-5dcd-48f4-b55d-7eb8597ccda3/telemetry,d0793047-5e24-43f6-92c1-ab660d5264b2,t@t.com,API request failed: Telemetry discarded: raw coordinate is too far from the track.,Telemetry discarded: raw coordinate is too far from the track.,
4260cc4a-70dd-4021-b5f6-ce52e1bac00b,2026-06-17T17:49:49.1348690,Info,AdminAction,/api/admin/system-settings,00000000-0000-0000-0000-000000009002,superadmin@whereisthetrain.com,"Admin executed PUT on /api/admin/system-settings. Action: WhereIsTheTrain.API.Controllers.AdminController.UpdateSystemSettings (WhereIsTheTrain.API). Payload: {""command"":{""LostFoundPostAutoPublish"":true,""LostFoundCommentAutoPublish"":true,""TripLiveUpdateAutoPublish"":true,""TripLiveUpdateRemovalAutoApprove"":false,""AdsEnabledPages"":""{\u0022tripDetails\u0022:true,\u0022trainDetails\u0022:false,\u0022dashboard\u0022:false,\u0022lostFound\u0022:false,\u0022profile\u0022:false,\u0022suggestions\u0022:false,\u0022search\u0022:false}""}}",,
479f9ae1-ca44-4e97-a924-d7ddbc28d6e0,2026-06-16T18:19:11.5770940,Error,Mobile,http://192.168.1.11:5245/api/trips/dc38b510-bb84-4c40-b333-d4b37e2b7d5d/telemetry,,,Mobile API request failed: Telemetry discarded: raw coordinate is too far from the track.,Telemetry discarded: raw coordinate is too far from the track.,
487138c5-044e-4b88-af16-d153fc848e88,2026-06-17T18:03:32.9224430,Error,Frontend,http://localhost:5245/api/trips/5212ec3a-a97b-491e-9f65-08650793a9ab/telemetry,d0793047-5e24-43f6-92c1-ab660d5264b2,t@t.com,API request failed: Telemetry discarded: raw coordinate is too far from the track.,Telemetry discarded: raw coordinate is too far from the track.,
4a7a8f6a-d8e6-4cdb-802a-7f46e49429b9,2026-06-19T17:40:28.4138560,Error,Admin,http://localhost:5245/api/admin/suggestions/trains/69b62583-2f35-488d-9646-2730ea88bf55/review,00000000-0000-0000-0000-000000009002,superadmin@whereisthetrain.com,API request failed: Suggestion has already been reviewed.,Suggestion has already been reviewed.,
4ab87aac-8ded-44cb-85f2-39e16675b511,2026-06-17T18:03:31.1225110,Error,API,/api/trips/5212ec3a-a97b-491e-9f65-08650793a9ab/telemetry,d0793047-5e24-43f6-92c1-ab660d5264b2,t@t.com,Unhandled Exception: Connect Timeout expired.,Connect Timeout expired.,"   at MySqlConnector.MySqlConnection.CreateSessionAsync(ConnectionPool pool, Int64 startingTimestamp, Activity activity, Nullable`1 ioBehavior, CancellationToken cancellationToken) in /_/src/MySqlConnector/MySqlConnection.cs:line 951
   at MySqlConnector.MySqlConnection.OpenAsync(Nullable`1 ioBehavior, CancellationToken cancellationToken) in /_/src/MySqlConnector/MySqlConnection.cs:line 419
   at Microsoft.EntityFrameworkCore.ServerVersion.AutoDetect(String connectionString)
   at WhereIsTheTrain.Infrastructure.DependencyInjection.<>c__DisplayClass0_0.<AddInfrastructure>b__0(DbContextOptionsBuilder options) in C:\Users\progk\.gemini\antigravity\scratch\where-is-the-train\backend\src\WhereIsTheTrain.Infrastructure\DependencyInjection.cs:line 20
   at Microsoft.Extensions.DependencyInjection.EntityFrameworkServiceCollectionExtensions.CreateDbContextOptions[TContext](IServiceProvider applicationServiceProvider, Action`2 optionsAction)
   at ResolveService(ILEmitResolverBuilderRuntimeContext, ServiceProviderEngineScope)
   at ResolveService(ILEmitResolverBuilderRuntimeContext, ServiceProviderEngineScope)
   at Microsoft.Extensions.DependencyInjection.ServiceLookup.ServiceProviderEngineScope.GetService(Type serviceType)
   at lambda_method357(Closure, IServiceProvider, Object[])
   at Microsoft.AspNetCore.Mvc.TypeFilterAttribute.CreateInstance(IServiceProvider serviceProvider)
   at Microsoft.AspNetCore.Mvc.Filters.DefaultFilterProvider.ProvideFilter(FilterProviderContext context, FilterItem filterItem)
   at Microsoft.AspNetCore.Mvc.Filters.FilterFactory.CreateUncachedFiltersCore(IFilterProvider[] filterProviders, ActionContext actionContext, List`1 filterItems)
   at Microsoft.AspNetCore.Mvc.Infrastructure.ControllerActionInvokerCache.GetCachedResult(ControllerContext controllerContext)
   at Microsoft.AspNetCore.Mvc.Routing.ControllerRequestDelegateFactory.<>c__DisplayClass12_0.<CreateRequestDelegate>b__0(HttpContext context)
   at Microsoft.AspNetCore.Routing.EndpointMiddleware.Invoke(HttpContext httpContext)
   at Microsoft.AspNetCore.Authorization.AuthorizationMiddleware.Invoke(HttpContext context)
   at Microsoft.AspNetCore.Authentication.AuthenticationMiddleware.Invoke(HttpContext context)
   at Swashbuckle.AspNetCore.SwaggerUI.SwaggerUIMiddleware.Invoke(HttpContext httpContext)
   at Swashbuckle.AspNetCore.Swagger.SwaggerMiddleware.Invoke(HttpContext httpContext, ISwaggerProvider swaggerProvider)
   at WhereIsTheTrain.API.Middleware.ExceptionHandlingMiddleware.InvokeAsync(HttpContext context) in C:\Users\progk\.gemini\antigravity\scratch\where-is-the-train\backend\src\WhereIsTheTrain.API\Middleware\ExceptionHandlingMiddleware.cs:line 26"
4fb0f7fc-5481-4713-a262-44496bc9c591,2026-06-17T18:03:32.9221490,Error,Frontend,http://localhost:5245/api/trips/5212ec3a-a97b-491e-9f65-08650793a9ab/telemetry,d0793047-5e24-43f6-92c1-ab660d5264b2,t@t.com,API request failed: Telemetry discarded: raw coordinate is too far from the track.,Telemetry discarded: raw coordinate is too far from the track.,
57259418-b967-4326-bdf4-29ca352f3487,2026-06-19T15:55:58.6287890,Error,Mobile,http://192.168.1.11:5245/api/ads/settings,,,Mobile API request failed: Request failed with status code 404,Request failed with status code 404,
58412b37-475a-41f5-a3f2-0e67e68bdf76,2026-06-17T18:03:33.0820940,Error,Frontend,http://localhost:5245/api/trips/5212ec3a-a97b-491e-9f65-08650793a9ab/telemetry,d0793047-5e24-43f6-92c1-ab660d5264b2,t@t.com,API request failed: Telemetry discarded: raw coordinate is too far from the track.,Telemetry discarded: raw coordinate is too far from the track.,
59852ca3-7314-4d18-b5c9-39042226d326,2026-06-17T18:01:38.2509590,Error,Frontend,http://localhost:5245/api/trips/5212ec3a-a97b-491e-9f65-08650793a9ab/telemetry,d0793047-5e24-43f6-92c1-ab660d5264b2,t@t.com,API request failed: Telemetry discarded: raw coordinate is too far from the track.,Telemetry discarded: raw coordinate is too far from the track.,
5d410cf3-3876-46cc-801e-5b71d7f3b851,2026-06-19T17:54:32.2264560,Info,AdminAction,/api/admin/users/d0793047-5e24-43f6-92c1-ab660d5264b2/suspend,00000000-0000-0000-0000-000000009002,superadmin@whereisthetrain.com,"Admin executed PUT on /api/admin/users/d0793047-5e24-43f6-92c1-ab660d5264b2/suspend. Action: WhereIsTheTrain.API.Controllers.AdminController.ToggleUserSuspension (WhereIsTheTrain.API). Payload: {""id"":""d0793047-5e24-43f6-92c1-ab660d5264b2"",""request"":{""IsSuspended"":true}}",,
5ec83d44-a45f-448b-9868-0276a28c6dbc,2026-06-19T17:40:16.6975810,Info,AdminAction,/api/admin/suggestions/trains/69b62583-2f35-488d-9646-2730ea88bf55/review,00000000-0000-0000-0000-000000009002,superadmin@whereisthetrain.com,"Admin executed PUT on /api/admin/suggestions/trains/69b62583-2f35-488d-9646-2730ea88bf55/review. Action: WhereIsTheTrain.API.Controllers.AdminController.ReviewTrainSuggestion (WhereIsTheTrain.API). Payload: {""id"":""69b62583-2f35-488d-9646-2730ea88bf55"",""request"":{""Status"":1,""AdminNotes"":null,""TrainNumber"":""983"",""NameAr"":""Vip"",""NameEn"":""Vip"",""DescriptionAr"":null,""DescriptionEn"":null,""RouteDescriptionEn"":""Al Ayat -\u003E Asyut Station -\u003E Al Badrashein""}}",,
5ee89f7b-ec63-4720-823c-2d5d70385483,2026-06-17T17:58:17.4951350,Error,Frontend,http://localhost:5245/api/trips/5212ec3a-a97b-491e-9f65-08650793a9ab/telemetry,d0793047-5e24-43f6-92c1-ab660d5264b2,t@t.com,API request failed: Telemetry discarded: raw coordinate is too far from the track.,Telemetry discarded: raw coordinate is too far from the track.,
5f0d084b-bac2-4409-bd93-adc5fbf761ff,2026-06-17T17:49:28.0461130,Error,Frontend,http://localhost:5245/api/dashboard/disruptions?_t=1781718532055,d0793047-5e24-43f6-92c1-ab660d5264b2,t@t.com,API request failed: Request failed with status 500,Request failed with status 500,
60cec456-9d50-46c1-8b51-e8dc2eb227af,2026-06-17T17:58:37.6006790,Error,Frontend,http://localhost:5245/api/trips/5212ec3a-a97b-491e-9f65-08650793a9ab/telemetry,d0793047-5e24-43f6-92c1-ab660d5264b2,t@t.com,API request failed: Telemetry discarded: raw coordinate is too far from the track.,Telemetry discarded: raw coordinate is too far from the track.,
6153f355-bea0-4163-8d8b-db7176f7dc55,2026-06-17T18:01:57.6269080,Error,Frontend,http://localhost:5245/api/trips/5212ec3a-a97b-491e-9f65-08650793a9ab/telemetry,d0793047-5e24-43f6-92c1-ab660d5264b2,t@t.com,API request failed: Telemetry discarded: raw coordinate is too far from the track.,Telemetry discarded: raw coordinate is too far from the track.,
615ff505-f5c0-41d3-91a9-5cdcd573f204,2026-06-19T17:54:51.4210170,Error,Mobile,http://192.168.1.11:5245/api/auth/login,,,Mobile API request failed: Your account has been suspended. Please contact support.,Your account has been suspended. Please contact support.,
62b257f7-c98f-434e-bd5f-e45ea3d52a6e,2026-06-16T18:19:31.6335130,Error,Mobile,http://192.168.1.11:5245/api/trips/dc38b510-bb84-4c40-b333-d4b37e2b7d5d/telemetry,,,Mobile API request failed: Telemetry discarded: raw coordinate is too far from the track.,Telemetry discarded: raw coordinate is too far from the track.,
65f9abe1-1a56-4104-b927-2414bc03366e,2026-06-17T18:00:32.9649480,Error,Frontend,http://localhost:5245/api/trips/5212ec3a-a97b-491e-9f65-08650793a9ab/telemetry,d0793047-5e24-43f6-92c1-ab660d5264b2,t@t.com,API request failed: Telemetry discarded: raw coordinate is too far from the track.,Telemetry discarded: raw coordinate is too far from the track.,
6610e806-41c9-4ddd-bdeb-cd84cffc1d81,2026-06-17T18:00:32.1985670,Error,Frontend,http://localhost:5245/api/trips/5212ec3a-a97b-491e-9f65-08650793a9ab/telemetry,d0793047-5e24-43f6-92c1-ab660d5264b2,t@t.com,API request failed: Telemetry discarded: raw coordinate is too far from the track.,Telemetry discarded: raw coordinate is too far from the track.,
666fa047-98a4-46c3-9146-809484429303,2026-06-19T17:34:41.6832490,Error,Admin,http://localhost:5245/api/lost-found/2e8b34cc-363f-434a-95b3-30b8ab9fe5df?_t=1781890481492,00000000-0000-0000-0000-000000009002,superadmin@whereisthetrain.com,API request failed: Post not found.,Post not found.,
68d432e3-aadd-43f4-8703-f8da28c41b69,2026-06-17T18:00:32.6188210,Error,Frontend,http://localhost:5245/api/trips/5212ec3a-a97b-491e-9f65-08650793a9ab/telemetry,d0793047-5e24-43f6-92c1-ab660d5264b2,t@t.com,API request failed: Telemetry discarded: raw coordinate is too far from the track.,Telemetry discarded: raw coordinate is too far from the track.,
6fd04652-bd69-45c7-b6b5-91bf8c8e4ea8,2026-06-17T18:01:18.2466040,Error,Frontend,http://localhost:5245/api/trips/5212ec3a-a97b-491e-9f65-08650793a9ab/telemetry,d0793047-5e24-43f6-92c1-ab660d5264b2,t@t.com,API request failed: Telemetry discarded: raw coordinate is too far from the track.,Telemetry discarded: raw coordinate is too far from the track.,
71a41722-059b-4105-a82f-285327d64db8,2026-06-17T18:01:47.6306110,Error,Frontend,http://localhost:5245/api/trips/5212ec3a-a97b-491e-9f65-08650793a9ab/telemetry,d0793047-5e24-43f6-92c1-ab660d5264b2,t@t.com,API request failed: Telemetry discarded: raw coordinate is too far from the track.,Telemetry discarded: raw coordinate is too far from the track.,
73f3c53d-3bba-48af-9d97-3c75320d50e6,2026-06-16T19:13:12.4465550,Error,Mobile,http://192.168.1.11:5245/api/trips/07677dd5-c59b-464e-9723-de6adaf71aaa/telemetry,,,Mobile API request failed: Telemetry discarded: raw coordinate is too far from the track.,Telemetry discarded: raw coordinate is too far from the track.,
761f7bf2-37bf-416a-adfd-bba9bef9685b,2026-06-17T17:57:43.6170100,Error,API,/api/dashboard/disruptions,d0793047-5e24-43f6-92c1-ab660d5264b2,t@t.com,Unhandled Exception: Connect Timeout expired.,Connect Timeout expired.,"   at MySqlConnector.MySqlConnection.CreateSessionAsync(ConnectionPool pool, Int64 startingTimestamp, Activity activity, Nullable`1 ioBehavior, CancellationToken cancellationToken) in /_/src/MySqlConnector/MySqlConnection.cs:line 951
   at MySqlConnector.MySqlConnection.OpenAsync(Nullable`1 ioBehavior, CancellationToken cancellationToken) in /_/src/MySqlConnector/MySqlConnection.cs:line 419
   at Microsoft.EntityFrameworkCore.ServerVersion.AutoDetect(String connectionString)
   at WhereIsTheTrain.Infrastructure.DependencyInjection.<>c__DisplayClass0_0.<AddInfrastructure>b__0(DbContextOptionsBuilder options) in C:\Users\progk\.gemini\antigravity\scratch\where-is-the-train\backend\src\WhereIsTheTrain.Infrastructure\DependencyInjection.cs:line 20
   at Microsoft.Extensions.DependencyInjection.EntityFrameworkServiceCollectionExtensions.CreateDbContextOptions[TContext](IServiceProvider applicationServiceProvider, Action`2 optionsAction)
   at ResolveService(ILEmitResolverBuilderRuntimeContext, ServiceProviderEngineScope)
   at ResolveService(ILEmitResolverBuilderRuntimeContext, ServiceProviderEngineScope)
   at Microsoft.Extensions.DependencyInjection.ServiceLookup.ServiceProviderEngineScope.GetService(Type serviceType)
   at lambda_method357(Closure, IServiceProvider, Object[])
   at Microsoft.AspNetCore.Mvc.TypeFilterAttribute.CreateInstance(IServiceProvider serviceProvider)
   at Microsoft.AspNetCore.Mvc.Filters.DefaultFilterProvider.ProvideFilter(FilterProviderContext context, FilterItem filterItem)
   at Microsoft.AspNetCore.Mvc.Filters.FilterFactory.CreateUncachedFiltersCore(IFilterProvider[] filterProviders, ActionContext actionContext, List`1 filterItems)
   at Microsoft.AspNetCore.Mvc.Infrastructure.ControllerActionInvokerCache.GetCachedResult(ControllerContext controllerContext)
   at Microsoft.AspNetCore.Mvc.Routing.ControllerRequestDelegateFactory.<>c__DisplayClass12_0.<CreateRequestDelegate>b__0(HttpContext context)
   at Microsoft.AspNetCore.Routing.EndpointMiddleware.Invoke(HttpContext httpContext)
   at Microsoft.AspNetCore.Authorization.AuthorizationMiddleware.Invoke(HttpContext context)
   at Microsoft.AspNetCore.Authentication.AuthenticationMiddleware.Invoke(HttpContext context)
   at Swashbuckle.AspNetCore.SwaggerUI.SwaggerUIMiddleware.Invoke(HttpContext httpContext)
   at Swashbuckle.AspNetCore.Swagger.SwaggerMiddleware.Invoke(HttpContext httpContext, ISwaggerProvider swaggerProvider)
   at WhereIsTheTrain.API.Middleware.ExceptionHandlingMiddleware.InvokeAsync(HttpContext context) in C:\Users\progk\.gemini\antigravity\scratch\where-is-the-train\backend\src\WhereIsTheTrain.API\Middleware\ExceptionHandlingMiddleware.cs:line 26"
782bc289-5ff0-4897-86df-36d8147d3e36,2026-06-17T18:03:31.0030780,Error,API,/api/trips/5212ec3a-a97b-491e-9f65-08650793a9ab/telemetry,d0793047-5e24-43f6-92c1-ab660d5264b2,t@t.com,Unhandled Exception: Connect Timeout expired.,Connect Timeout expired.,"   at MySqlConnector.MySqlConnection.CreateSessionAsync(ConnectionPool pool, Int64 startingTimestamp, Activity activity, Nullable`1 ioBehavior, CancellationToken cancellationToken) in /_/src/MySqlConnector/MySqlConnection.cs:line 951
   at MySqlConnector.MySqlConnection.OpenAsync(Nullable`1 ioBehavior, CancellationToken cancellationToken) in /_/src/MySqlConnector/MySqlConnection.cs:line 419
   at Microsoft.EntityFrameworkCore.ServerVersion.AutoDetect(String connectionString)
   at WhereIsTheTrain.Infrastructure.DependencyInjection.<>c__DisplayClass0_0.<AddInfrastructure>b__0(DbContextOptionsBuilder options) in C:\Users\progk\.gemini\antigravity\scratch\where-is-the-train\backend\src\WhereIsTheTrain.Infrastructure\DependencyInjection.cs:line 20
   at Microsoft.Extensions.DependencyInjection.EntityFrameworkServiceCollectionExtensions.CreateDbContextOptions[TContext](IServiceProvider applicationServiceProvider, Action`2 optionsAction)
   at ResolveService(ILEmitResolverBuilderRuntimeContext, ServiceProviderEngineScope)
   at ResolveService(ILEmitResolverBuilderRuntimeContext, ServiceProviderEngineScope)
   at Microsoft.Extensions.DependencyInjection.ServiceLookup.ServiceProviderEngineScope.GetService(Type serviceType)
   at lambda_method357(Closure, IServiceProvider, Object[])
   at Microsoft.AspNetCore.Mvc.TypeFilterAttribute.CreateInstance(IServiceProvider serviceProvider)
   at Microsoft.AspNetCore.Mvc.Filters.DefaultFilterProvider.ProvideFilter(FilterProviderContext context, FilterItem filterItem)
   at Microsoft.AspNetCore.Mvc.Filters.FilterFactory.CreateUncachedFiltersCore(IFilterProvider[] filterProviders, ActionContext actionContext, List`1 filterItems)
   at Microsoft.AspNetCore.Mvc.Infrastructure.ControllerActionInvokerCache.GetCachedResult(ControllerContext controllerContext)
   at Microsoft.AspNetCore.Mvc.Routing.ControllerRequestDelegateFactory.<>c__DisplayClass12_0.<CreateRequestDelegate>b__0(HttpContext context)
   at Microsoft.AspNetCore.Routing.EndpointMiddleware.Invoke(HttpContext httpContext)
   at Microsoft.AspNetCore.Authorization.AuthorizationMiddleware.Invoke(HttpContext context)
   at Microsoft.AspNetCore.Authentication.AuthenticationMiddleware.Invoke(HttpContext context)
   at Swashbuckle.AspNetCore.SwaggerUI.SwaggerUIMiddleware.Invoke(HttpContext httpContext)
   at Swashbuckle.AspNetCore.Swagger.SwaggerMiddleware.Invoke(HttpContext httpContext, ISwaggerProvider swaggerProvider)
   at WhereIsTheTrain.API.Middleware.ExceptionHandlingMiddleware.InvokeAsync(HttpContext context) in C:\Users\progk\.gemini\antigravity\scratch\where-is-the-train\backend\src\WhereIsTheTrain.API\Middleware\ExceptionHandlingMiddleware.cs:line 26"
7bd393ef-5892-41d5-a2ec-adc4ae796918,2026-06-16T19:15:38.6039320,Error,Mobile,http://192.168.1.11:5245/api/trips/07677dd5-c59b-464e-9723-de6adaf71aaa/telemetry,,,Mobile API request failed: Telemetry discarded: raw coordinate is too far from the track.,Telemetry discarded: raw coordinate is too far from the track.,
7c06b9f2-f802-458f-867f-f8fa54484246,2026-06-19T16:01:25.1256120,Info,AdminAction,/api/admin/stops/bf61dead-94e3-4e4f-a9a1-6a936a27be91,00000000-0000-0000-0000-000000009002,superadmin@whereisthetrain.com,"Admin executed PUT on /api/admin/stops/bf61dead-94e3-4e4f-a9a1-6a936a27be91. Action: WhereIsTheTrain.API.Controllers.AdminController.UpdateStop (WhereIsTheTrain.API). Payload: {""id"":""bf61dead-94e3-4e4f-a9a1-6a936a27be91"",""request"":{""NameAr"":""\u0627\u0628\u0648 \u0641\u0648\u0632\u064A"",""NameEn"":""Abo fawzy"",""Code"":""GG"",""Latitude"":27.311222,""Longitude"":30.96594,""CityId"":""00000000-0000-0000-0000-000000000144"",""DescriptionAr"":"""",""DescriptionEn"":"""",""RailwayPathIds"":[""4ab4754f-44d0-40bb-bf0f-ca946c35c2e1""]}}",,
7da7193d-40bb-4896-8076-41ebbe6375c9,2026-06-16T19:05:41.1471440,Error,Mobile,http://192.168.1.11:5245/api/trips/b4cb95f2-4499-496e-ad63-961a80566bb7/telemetry,,,Mobile API request failed: Telemetry discarded: raw coordinate is too far from the track.,Telemetry discarded: raw coordinate is too far from the track.,
7ea0fe07-8c44-4603-89a5-a38a5a6aa8be,2026-06-16T23:15:49.5722930,Error,Frontend,http://localhost:5245/api/trips/a37953de-28e8-4857-94f5-e105faeeda47/telemetry,d0793047-5e24-43f6-92c1-ab660d5264b2,t@t.com,API request failed: Telemetry discarded: raw coordinate is too far from the track.,Telemetry discarded: raw coordinate is too far from the track.,
80b65930-94f8-4bcd-9670-5d92db1cf3f1,2026-06-19T16:00:56.1813110,Info,AdminAction,/api/admin/suggestions/stops/82d6587f-ac85-478f-8bda-85402731c49f/review,00000000-0000-0000-0000-000000009002,superadmin@whereisthetrain.com,"Admin executed PUT on /api/admin/suggestions/stops/82d6587f-ac85-478f-8bda-85402731c49f/review. Action: WhereIsTheTrain.API.Controllers.AdminController.ReviewStopSuggestion (WhereIsTheTrain.API). Payload: {""id"":""82d6587f-ac85-478f-8bda-85402731c49f"",""request"":{""Status"":1,""AdminNotes"":null,""Code"":""GG"",""NameAr"":""\u0627\u0628\u0648 \u0641\u0648\u0632\u064A"",""NameEn"":""Abo fawzy"",""CityId"":""00000000-0000-0000-0000-000000000144"",""NewCityNameAr"":null,""NewCityNameEn"":null,""NewCityGovernorateId"":null,""Latitude"":27.311222,""Longitude"":30.96594,""DescriptionAr"":null,""DescriptionEn"":null}}",,
81152c5f-eb86-42e2-89bb-25446606e959,2026-06-16T19:14:37.6003680,Error,Mobile,http://192.168.1.11:5245/api/trips/07677dd5-c59b-464e-9723-de6adaf71aaa/updates,,,Mobile API request failed: Cannot modify a finished or cancelled trip.,Cannot modify a finished or cancelled trip.,
82368453-2862-4427-b64e-c7704e1f6d6b,2026-06-16T19:14:49.6504380,Error,Mobile,http://192.168.1.11:5245/api/trips/07677dd5-c59b-464e-9723-de6adaf71aaa/updates,,,Mobile API request failed: Cannot modify a finished or cancelled trip.,Cannot modify a finished or cancelled trip.,
85361523-06cc-4375-8993-ceb5b5bb6580,2026-06-17T18:00:32.4201480,Error,Frontend,http://localhost:5245/api/trips/5212ec3a-a97b-491e-9f65-08650793a9ab/telemetry,d0793047-5e24-43f6-92c1-ab660d5264b2,t@t.com,API request failed: Telemetry discarded: raw coordinate is too far from the track.,Telemetry discarded: raw coordinate is too far from the track.,
8941ed05-e3ce-4106-94d6-0db239ec57f7,2026-06-16T23:15:39.5723860,Error,Frontend,http://localhost:5245/api/trips/a37953de-28e8-4857-94f5-e105faeeda47/telemetry,d0793047-5e24-43f6-92c1-ab660d5264b2,t@t.com,API request failed: Telemetry discarded: raw coordinate is too far from the track.,Telemetry discarded: raw coordinate is too far from the track.,
8abb4f92-19b3-4e44-b12d-0c53b0045b88,2026-06-17T18:00:32.1983710,Error,Frontend,http://localhost:5245/api/dashboard/disruptions?_t=1781719134119,d0793047-5e24-43f6-92c1-ab660d5264b2,t@t.com,API request failed: Request failed with status 500,Request failed with status 500,
8b1b11d8-06b4-4351-a0cc-318aa2056817,2026-06-19T16:03:51.8257670,Error,Admin,http://localhost:5245/api/lost-found/f059423a-e912-4511-98c5-e03f41d605ff?_t=1781885031628,00000000-0000-0000-0000-000000009002,superadmin@whereisthetrain.com,API request failed: Post not found.,Post not found.,
8c791f70-5ec9-4769-bc83-d67fc771672e,2026-06-19T17:34:49.1934220,Error,Admin,http://localhost:5245/api/lost-found/2e8b34cc-363f-434a-95b3-30b8ab9fe5df?_t=1781890489019,00000000-0000-0000-0000-000000009002,superadmin@whereisthetrain.com,API request failed: Post not found.,Post not found.,
8fae099c-4b86-4324-9d49-3ff1c5dbd659,2026-06-17T18:00:58.2772740,Error,Frontend,http://localhost:5245/api/trips/5212ec3a-a97b-491e-9f65-08650793a9ab/telemetry,d0793047-5e24-43f6-92c1-ab660d5264b2,t@t.com,API request failed: Telemetry discarded: raw coordinate is too far from the track.,Telemetry discarded: raw coordinate is too far from the track.,
95f4b91b-6a89-4736-9e07-ac99ecaec941,2026-06-19T17:40:32.0977890,Info,AdminAction,/api/admin/suggestions/trains/69b62583-2f35-488d-9646-2730ea88bf55/review,00000000-0000-0000-0000-000000009002,superadmin@whereisthetrain.com,"Admin executed PUT on /api/admin/suggestions/trains/69b62583-2f35-488d-9646-2730ea88bf55/review. Action: WhereIsTheTrain.API.Controllers.AdminController.ReviewTrainSuggestion (WhereIsTheTrain.API). Payload: {""id"":""69b62583-2f35-488d-9646-2730ea88bf55"",""request"":{""Status"":2,""AdminNotes"":null,""TrainNumber"":""983"",""NameAr"":""Vip"",""NameEn"":""Vip"",""DescriptionAr"":null,""DescriptionEn"":null,""RouteDescriptionEn"":""Al Ayat -\u003E Asyut Station -\u003E Al Badrashein""}}",,
960b55a0-78b7-4a39-9c59-edbed9551eea,2026-06-17T18:01:08.2878040,Error,Frontend,http://localhost:5245/api/trips/5212ec3a-a97b-491e-9f65-08650793a9ab/telemetry,d0793047-5e24-43f6-92c1-ab660d5264b2,t@t.com,API request failed: Telemetry discarded: raw coordinate is too far from the track.,Telemetry discarded: raw coordinate is too far from the track.,
990dc9e0-0c36-4222-8302-e3baca6081de,2026-06-16T23:14:49.5565540,Error,Frontend,http://localhost:5245/api/trips/a37953de-28e8-4857-94f5-e105faeeda47/telemetry,d0793047-5e24-43f6-92c1-ab660d5264b2,t@t.com,API request failed: Telemetry discarded: raw coordinate is too far from the track.,Telemetry discarded: raw coordinate is too far from the track.,
9a6a9ec7-b593-4a73-8701-69035a0c507c,2026-06-17T17:57:43.7794650,Error,Frontend,http://localhost:5245/api/trips/5212ec3a-a97b-491e-9f65-08650793a9ab/status,d0793047-5e24-43f6-92c1-ab660d5264b2,t@t.com,API request failed: Request failed with status 500,Request failed with status 500,
9dd7ec60-bf28-40f8-8aa0-64ebaebf37b1,2026-06-16T19:06:02.7115600,Error,Mobile,http://192.168.1.11:5245/api/trips/b4cb95f2-4499-496e-ad63-961a80566bb7/telemetry,,,Mobile API request failed: Telemetry discarded: raw coordinate is too far from the track.,Telemetry discarded: raw coordinate is too far from the track.,
9eecd6bf-5518-449b-9c0e-97b31b964829,2026-06-16T23:15:09.5937550,Error,Frontend,http://localhost:5245/api/trips/a37953de-28e8-4857-94f5-e105faeeda47/telemetry,d0793047-5e24-43f6-92c1-ab660d5264b2,t@t.com,API request failed: Telemetry discarded: raw coordinate is too far from the track.,Telemetry discarded: raw coordinate is too far from the track.,
9fbe939d-0701-44ed-a192-697c50a50c33,2026-06-23T15:33:22.1639640,Info,AdminAction,/api/admin/trips/clear-ended-telemetry,00000000-0000-0000-0000-000000009002,superadmin@whereisthetrain.com,Admin executed POST on /api/admin/trips/clear-ended-telemetry. Action: WhereIsTheTrain.API.Controllers.AdminController.ClearEndedTripsTelemetry (WhereIsTheTrain.API). Payload: {},,
a063cc93-8b64-48f7-a7ce-d13fdf7b29cd,2026-06-17T17:57:43.4202700,Error,API,/api/trips/5212ec3a-a97b-491e-9f65-08650793a9ab/status,d0793047-5e24-43f6-92c1-ab660d5264b2,t@t.com,Unhandled Exception: Connect Timeout expired.,Connect Timeout expired.,"   at MySqlConnector.MySqlConnection.CreateSessionAsync(ConnectionPool pool, Int64 startingTimestamp, Activity activity, Nullable`1 ioBehavior, CancellationToken cancellationToken) in /_/src/MySqlConnector/MySqlConnection.cs:line 951
   at MySqlConnector.MySqlConnection.OpenAsync(Nullable`1 ioBehavior, CancellationToken cancellationToken) in /_/src/MySqlConnector/MySqlConnection.cs:line 419
   at Microsoft.EntityFrameworkCore.ServerVersion.AutoDetect(String connectionString)
   at WhereIsTheTrain.Infrastructure.DependencyInjection.<>c__DisplayClass0_0.<AddInfrastructure>b__0(DbContextOptionsBuilder options) in C:\Users\progk\.gemini\antigravity\scratch\where-is-the-train\backend\src\WhereIsTheTrain.Infrastructure\DependencyInjection.cs:line 20
   at Microsoft.Extensions.DependencyInjection.EntityFrameworkServiceCollectionExtensions.CreateDbContextOptions[TContext](IServiceProvider applicationServiceProvider, Action`2 optionsAction)
   at ResolveService(ILEmitResolverBuilderRuntimeContext, ServiceProviderEngineScope)
   at ResolveService(ILEmitResolverBuilderRuntimeContext, ServiceProviderEngineScope)
   at Microsoft.Extensions.DependencyInjection.ServiceLookup.ServiceProviderEngineScope.GetService(Type serviceType)
   at lambda_method357(Closure, IServiceProvider, Object[])
   at Microsoft.AspNetCore.Mvc.TypeFilterAttribute.CreateInstance(IServiceProvider serviceProvider)
   at Microsoft.AspNetCore.Mvc.Filters.DefaultFilterProvider.ProvideFilter(FilterProviderContext context, FilterItem filterItem)
   at Microsoft.AspNetCore.Mvc.Filters.FilterFactory.CreateUncachedFiltersCore(IFilterProvider[] filterProviders, ActionContext actionContext, List`1 filterItems)
   at Microsoft.AspNetCore.Mvc.Infrastructure.ControllerActionInvokerCache.GetCachedResult(ControllerContext controllerContext)
   at Microsoft.AspNetCore.Mvc.Routing.ControllerRequestDelegateFactory.<>c__DisplayClass12_0.<CreateRequestDelegate>b__0(HttpContext context)
   at Microsoft.AspNetCore.Routing.EndpointMiddleware.Invoke(HttpContext httpContext)
   at Microsoft.AspNetCore.Authorization.AuthorizationMiddleware.Invoke(HttpContext context)
   at Microsoft.AspNetCore.Authentication.AuthenticationMiddleware.Invoke(HttpContext context)
   at Swashbuckle.AspNetCore.SwaggerUI.SwaggerUIMiddleware.Invoke(HttpContext httpContext)
   at Swashbuckle.AspNetCore.Swagger.SwaggerMiddleware.Invoke(HttpContext httpContext, ISwaggerProvider swaggerProvider)
   at WhereIsTheTrain.API.Middleware.ExceptionHandlingMiddleware.InvokeAsync(HttpContext context) in C:\Users\progk\.gemini\antigravity\scratch\where-is-the-train\backend\src\WhereIsTheTrain.API\Middleware\ExceptionHandlingMiddleware.cs:line 26"
a17c90ae-15fe-4484-bb62-bd4d7ad47133,2026-06-17T17:50:31.4554910,Info,AdminAction,/api/admin/system-settings,00000000-0000-0000-0000-000000009002,superadmin@whereisthetrain.com,"Admin executed PUT on /api/admin/system-settings. Action: WhereIsTheTrain.API.Controllers.AdminController.UpdateSystemSettings (WhereIsTheTrain.API). Payload: {""command"":{""LostFoundPostAutoPublish"":true,""LostFoundCommentAutoPublish"":true,""TripLiveUpdateAutoPublish"":true,""TripLiveUpdateRemovalAutoApprove"":true,""AdsEnabledPages"":""{\u0022tripDetails\u0022:true,\u0022trainDetails\u0022:false,\u0022dashboard\u0022:false,\u0022lostFound\u0022:false,\u0022profile\u0022:false,\u0022suggestions\u0022:false,\u0022search\u0022:false}""}}",,
a2560beb-7e9d-4e94-bb43-0c94716af230,2026-06-16T23:14:29.5552080,Error,Frontend,http://localhost:5245/api/trips/a37953de-28e8-4857-94f5-e105faeeda47/telemetry,d0793047-5e24-43f6-92c1-ab660d5264b2,t@t.com,API request failed: Telemetry discarded: raw coordinate is too far from the track.,Telemetry discarded: raw coordinate is too far from the track.,
a32da927-9a70-40eb-b448-db0285aff443,2026-06-16T23:15:59.5523910,Error,Frontend,http://localhost:5245/api/trips/a37953de-28e8-4857-94f5-e105faeeda47/telemetry,d0793047-5e24-43f6-92c1-ab660d5264b2,t@t.com,API request failed: Telemetry discarded: raw coordinate is too far from the track.,Telemetry discarded: raw coordinate is too far from the track.,
aa3ad10f-a7d9-40d0-b232-518c43d40273,2026-06-17T17:57:43.6847470,Error,Frontend,http://localhost:5245/api/trips/5212ec3a-a97b-491e-9f65-08650793a9ab/status,d0793047-5e24-43f6-92c1-ab660d5264b2,t@t.com,API request failed: Request failed with status 500,Request failed with status 500,
ac57bea5-f6ae-45e2-b557-be2d7aed6cff,2026-06-17T18:00:29.8864190,Error,API,/api/trips/5212ec3a-a97b-491e-9f65-08650793a9ab/telemetry,d0793047-5e24-43f6-92c1-ab660d5264b2,t@t.com,Unhandled Exception: Connect Timeout expired.,Connect Timeout expired.,"   at MySqlConnector.MySqlConnection.CreateSessionAsync(ConnectionPool pool, Int64 startingTimestamp, Activity activity, Nullable`1 ioBehavior, CancellationToken cancellationToken) in /_/src/MySqlConnector/MySqlConnection.cs:line 951
   at MySqlConnector.MySqlConnection.OpenAsync(Nullable`1 ioBehavior, CancellationToken cancellationToken) in /_/src/MySqlConnector/MySqlConnection.cs:line 419
   at Microsoft.EntityFrameworkCore.ServerVersion.AutoDetect(String connectionString)
   at WhereIsTheTrain.Infrastructure.DependencyInjection.<>c__DisplayClass0_0.<AddInfrastructure>b__0(DbContextOptionsBuilder options) in C:\Users\progk\.gemini\antigravity\scratch\where-is-the-train\backend\src\WhereIsTheTrain.Infrastructure\DependencyInjection.cs:line 20
   at Microsoft.Extensions.DependencyInjection.EntityFrameworkServiceCollectionExtensions.CreateDbContextOptions[TContext](IServiceProvider applicationServiceProvider, Action`2 optionsAction)
   at ResolveService(ILEmitResolverBuilderRuntimeContext, ServiceProviderEngineScope)
   at ResolveService(ILEmitResolverBuilderRuntimeContext, ServiceProviderEngineScope)
   at Microsoft.Extensions.DependencyInjection.ServiceLookup.ServiceProviderEngineScope.GetService(Type serviceType)
   at lambda_method357(Closure, IServiceProvider, Object[])
   at Microsoft.AspNetCore.Mvc.TypeFilterAttribute.CreateInstance(IServiceProvider serviceProvider)
   at Microsoft.AspNetCore.Mvc.Filters.DefaultFilterProvider.ProvideFilter(FilterProviderContext context, FilterItem filterItem)
   at Microsoft.AspNetCore.Mvc.Filters.FilterFactory.CreateUncachedFiltersCore(IFilterProvider[] filterProviders, ActionContext actionContext, List`1 filterItems)
   at Microsoft.AspNetCore.Mvc.Infrastructure.ControllerActionInvokerCache.GetCachedResult(ControllerContext controllerContext)
   at Microsoft.AspNetCore.Mvc.Routing.ControllerRequestDelegateFactory.<>c__DisplayClass12_0.<CreateRequestDelegate>b__0(HttpContext context)
   at Microsoft.AspNetCore.Routing.EndpointMiddleware.Invoke(HttpContext httpContext)
   at Microsoft.AspNetCore.Authorization.AuthorizationMiddleware.Invoke(HttpContext context)
   at Microsoft.AspNetCore.Authentication.AuthenticationMiddleware.Invoke(HttpContext context)
   at Swashbuckle.AspNetCore.SwaggerUI.SwaggerUIMiddleware.Invoke(HttpContext httpContext)
   at Swashbuckle.AspNetCore.Swagger.SwaggerMiddleware.Invoke(HttpContext httpContext, ISwaggerProvider swaggerProvider)
   at WhereIsTheTrain.API.Middleware.ExceptionHandlingMiddleware.InvokeAsync(HttpContext context) in C:\Users\progk\.gemini\antigravity\scratch\where-is-the-train\backend\src\WhereIsTheTrain.API\Middleware\ExceptionHandlingMiddleware.cs:line 26"
ace66ead-e492-4e59-aa32-1b5ccdc44aa5,2026-06-17T18:00:30.0510090,Error,API,/api/trips/5212ec3a-a97b-491e-9f65-08650793a9ab/telemetry,d0793047-5e24-43f6-92c1-ab660d5264b2,t@t.com,Unhandled Exception: Connect Timeout expired.,Connect Timeout expired.,"   at MySqlConnector.MySqlConnection.CreateSessionAsync(ConnectionPool pool, Int64 startingTimestamp, Activity activity, Nullable`1 ioBehavior, CancellationToken cancellationToken) in /_/src/MySqlConnector/MySqlConnection.cs:line 951
   at MySqlConnector.MySqlConnection.OpenAsync(Nullable`1 ioBehavior, CancellationToken cancellationToken) in /_/src/MySqlConnector/MySqlConnection.cs:line 419
   at Microsoft.EntityFrameworkCore.ServerVersion.AutoDetect(String connectionString)
   at WhereIsTheTrain.Infrastructure.DependencyInjection.<>c__DisplayClass0_0.<AddInfrastructure>b__0(DbContextOptionsBuilder options) in C:\Users\progk\.gemini\antigravity\scratch\where-is-the-train\backend\src\WhereIsTheTrain.Infrastructure\DependencyInjection.cs:line 20
   at Microsoft.Extensions.DependencyInjection.EntityFrameworkServiceCollectionExtensions.CreateDbContextOptions[TContext](IServiceProvider applicationServiceProvider, Action`2 optionsAction)
   at ResolveService(ILEmitResolverBuilderRuntimeContext, ServiceProviderEngineScope)
   at ResolveService(ILEmitResolverBuilderRuntimeContext, ServiceProviderEngineScope)
   at Microsoft.Extensions.DependencyInjection.ServiceLookup.ServiceProviderEngineScope.GetService(Type serviceType)
   at lambda_method357(Closure, IServiceProvider, Object[])
   at Microsoft.AspNetCore.Mvc.TypeFilterAttribute.CreateInstance(IServiceProvider serviceProvider)
   at Microsoft.AspNetCore.Mvc.Filters.DefaultFilterProvider.ProvideFilter(FilterProviderContext context, FilterItem filterItem)
   at Microsoft.AspNetCore.Mvc.Filters.FilterFactory.CreateUncachedFiltersCore(IFilterProvider[] filterProviders, ActionContext actionContext, List`1 filterItems)
   at Microsoft.AspNetCore.Mvc.Infrastructure.ControllerActionInvokerCache.GetCachedResult(ControllerContext controllerContext)
   at Microsoft.AspNetCore.Mvc.Routing.ControllerRequestDelegateFactory.<>c__DisplayClass12_0.<CreateRequestDelegate>b__0(HttpContext context)
   at Microsoft.AspNetCore.Routing.EndpointMiddleware.Invoke(HttpContext httpContext)
   at Microsoft.AspNetCore.Authorization.AuthorizationMiddleware.Invoke(HttpContext context)
   at Microsoft.AspNetCore.Authentication.AuthenticationMiddleware.Invoke(HttpContext context)
   at Swashbuckle.AspNetCore.SwaggerUI.SwaggerUIMiddleware.Invoke(HttpContext httpContext)
   at Swashbuckle.AspNetCore.Swagger.SwaggerMiddleware.Invoke(HttpContext httpContext, ISwaggerProvider swaggerProvider)
   at WhereIsTheTrain.API.Middleware.ExceptionHandlingMiddleware.InvokeAsync(HttpContext context) in C:\Users\progk\.gemini\antigravity\scratch\where-is-the-train\backend\src\WhereIsTheTrain.API\Middleware\ExceptionHandlingMiddleware.cs:line 26"
ae5eaf7e-053b-424a-adba-62c6a0a22383,2026-06-16T19:14:28.6421940,Error,Mobile,http://192.168.1.11:5245/api/trips/07677dd5-c59b-464e-9723-de6adaf71aaa/telemetry,,,Mobile API request failed: Telemetry discarded: raw coordinate is too far from the track.,Telemetry discarded: raw coordinate is too far from the track.,
b0228e11-5668-4bdc-8c64-7e113aae5d2a,2026-06-19T17:40:28.3091520,Info,AdminAction,/api/admin/suggestions/trains/69b62583-2f35-488d-9646-2730ea88bf55/review,00000000-0000-0000-0000-000000009002,superadmin@whereisthetrain.com,"Admin executed PUT on /api/admin/suggestions/trains/69b62583-2f35-488d-9646-2730ea88bf55/review. Action: WhereIsTheTrain.API.Controllers.AdminController.ReviewTrainSuggestion (WhereIsTheTrain.API). Payload: {""id"":""69b62583-2f35-488d-9646-2730ea88bf55"",""request"":{""Status"":2,""AdminNotes"":null,""TrainNumber"":""983"",""NameAr"":""Vip"",""NameEn"":""Vip"",""DescriptionAr"":null,""DescriptionEn"":null,""RouteDescriptionEn"":""Al Ayat -\u003E Asyut Station -\u003E Al Badrashein""}}",,
b31778ca-2f44-4b14-938a-8906240fc38f,2026-06-19T17:34:44.4193020,Error,Admin,http://localhost:5245/api/lost-found/2e8b34cc-363f-434a-95b3-30b8ab9fe5df?_t=1781890484260,00000000-0000-0000-0000-000000009002,superadmin@whereisthetrain.com,API request failed: Post not found.,Post not found.,
b4bd1595-fdba-4979-ab70-8617d23af273,2026-06-16T23:15:29.6093980,Error,Frontend,http://localhost:5245/api/trips/a37953de-28e8-4857-94f5-e105faeeda47/telemetry,d0793047-5e24-43f6-92c1-ab660d5264b2,t@t.com,API request failed: Telemetry discarded: raw coordinate is too far from the track.,Telemetry discarded: raw coordinate is too far from the track.,
b4c35444-9c83-4cfa-8ccd-0e0fb131cd2e,2026-06-16T19:14:06.2000490,Error,Mobile,http://192.168.1.11:5245/api/trips/07677dd5-c59b-464e-9723-de6adaf71aaa/telemetry,,,Mobile API request failed: Telemetry discarded: raw coordinate is too far from the track.,Telemetry discarded: raw coordinate is too far from the track.,
b78cbb5b-d672-4ba6-a70c-8cdc85752360,2026-06-16T18:17:57.3587530,Error,Mobile,http://192.168.1.11:5245/api/trains/20000000-0000-0000-0000-000000000022/follow-plan,,,Mobile API request failed: Request failed with status code 400,Request failed with status code 400,
b84aa7e6-fdfc-483a-989f-b09d980aae78,2026-06-17T17:49:27.6246180,Error,Admin,http://localhost:5245/api/admin/system-settings,00000000-0000-0000-0000-000000009002,superadmin@whereisthetrain.com,API request failed: Request failed with status 500,Request failed with status 500,
b9844baf-15fe-4bad-8382-2d8588e875ee,2026-06-16T19:15:08.6339920,Error,Mobile,http://192.168.1.11:5245/api/trips/07677dd5-c59b-464e-9723-de6adaf71aaa/telemetry,,,Mobile API request failed: Telemetry discarded: raw coordinate is too far from the track.,Telemetry discarded: raw coordinate is too far from the track.,
ba4bbfa6-0ddf-4ca0-9f6a-9837f73ffc54,2026-06-16T19:15:33.7112890,Error,Mobile,http://192.168.1.11:5245/api/trips/07677dd5-c59b-464e-9723-de6adaf71aaa/follow,,,Mobile API request failed: Cannot modify a finished or cancelled trip.,Cannot modify a finished or cancelled trip.,
bd295637-d5a6-45f1-af69-13e4690a2570,2026-06-17T17:58:27.5467480,Error,Frontend,http://localhost:5245/api/trips/5212ec3a-a97b-491e-9f65-08650793a9ab/telemetry,d0793047-5e24-43f6-92c1-ab660d5264b2,t@t.com,API request failed: Telemetry discarded: raw coordinate is too far from the track.,Telemetry discarded: raw coordinate is too far from the track.,
bd8665e5-ee7e-4462-a872-7b60748b6bf3,2026-06-17T18:02:07.6943280,Error,Frontend,http://localhost:5245/api/trips/5212ec3a-a97b-491e-9f65-08650793a9ab/telemetry,d0793047-5e24-43f6-92c1-ab660d5264b2,t@t.com,API request failed: Telemetry discarded: raw coordinate is too far from the track.,Telemetry discarded: raw coordinate is too far from the track.,
bf064cfe-c975-4b2e-b957-eca67e68c5fe,2026-06-17T18:00:32.8980930,Error,Frontend,http://localhost:5245/api/trips/5212ec3a-a97b-491e-9f65-08650793a9ab/telemetry,d0793047-5e24-43f6-92c1-ab660d5264b2,t@t.com,API request failed: Telemetry discarded: raw coordinate is too far from the track.,Telemetry discarded: raw coordinate is too far from the track.,
bf1519fb-dbfe-4acc-bb82-2632d28b41af,2026-06-19T16:07:26.6167130,Error,Mobile,http://192.168.1.11:5245/api/trips/ed4a5ce9-5981-410e-bd31-fed2efdcb6c7/telemetry,,,Mobile API request failed: Telemetry discarded: raw coordinate is too far from the track.,Telemetry discarded: raw coordinate is too far from the track.,
c06b8a82-63c1-453b-b648-e3e3f3e04640,2026-06-19T17:40:32.2045640,Error,Admin,http://localhost:5245/api/admin/suggestions/trains/69b62583-2f35-488d-9646-2730ea88bf55/review,00000000-0000-0000-0000-000000009002,superadmin@whereisthetrain.com,API request failed: Suggestion has already been reviewed.,Suggestion has already been reviewed.,
c2b4ed5b-5c46-4525-8148-59564b72a57e,2026-06-17T18:03:32.1822340,Error,Frontend,http://localhost:5245/api/trips/5212ec3a-a97b-491e-9f65-08650793a9ab/telemetry,d0793047-5e24-43f6-92c1-ab660d5264b2,t@t.com,API request failed: Request failed with status 500,Request failed with status 500,
c55b42ac-2250-4316-8598-194ab2da74e4,2026-06-17T18:03:38.2667370,Error,Frontend,http://localhost:5245/api/trips/5212ec3a-a97b-491e-9f65-08650793a9ab/telemetry,d0793047-5e24-43f6-92c1-ab660d5264b2,t@t.com,API request failed: Telemetry discarded: raw coordinate is too far from the track.,Telemetry discarded: raw coordinate is too far from the track.,
c66ca3c7-01a2-4288-ba5d-12530556c732,2026-06-16T19:06:25.0022890,Error,Mobile,http://192.168.1.11:5245/api/trips/b4cb95f2-4499-496e-ad63-961a80566bb7/status,,,Mobile API request failed: Request failed with status code 400,Request failed with status code 400,
c78fdbb8-f79e-4987-8976-eff0c1e9c590,2026-06-17T18:03:33.1347630,Error,Frontend,http://localhost:5245/api/trips/5212ec3a-a97b-491e-9f65-08650793a9ab/telemetry,d0793047-5e24-43f6-92c1-ab660d5264b2,t@t.com,API request failed: Telemetry discarded: raw coordinate is too far from the track.,Telemetry discarded: raw coordinate is too far from the track.,
ca759d8b-3819-406f-a770-108e303e6955,2026-06-19T15:32:17.7870480,Info,AdminAction,/api/admin/trips/4899514e-2d1a-48f0-a102-7bf123a2315c/status,00000000-0000-0000-0000-000000009002,superadmin@whereisthetrain.com,"Admin executed PUT on /api/admin/trips/4899514e-2d1a-48f0-a102-7bf123a2315c/status. Action: WhereIsTheTrain.API.Controllers.AdminController.UpdateTripStatus (WhereIsTheTrain.API). Payload: {""id"":""4899514e-2d1a-48f0-a102-7bf123a2315c"",""request"":{""Status"":0,""ActualDeparture"":null,""ActualArrival"":null}}",,
caac5c6f-b15b-489b-8fad-338ca1fd39c0,2026-06-16T19:15:28.7530690,Error,Mobile,http://192.168.1.11:5245/api/trips/07677dd5-c59b-464e-9723-de6adaf71aaa/telemetry,,,Mobile API request failed: Telemetry discarded: raw coordinate is too far from the track.,Telemetry discarded: raw coordinate is too far from the track.,
cbf5a38a-e8dd-4f31-a9c2-a8676aef3b38,2026-06-17T18:03:31.2887270,Error,API,/api/trips/5212ec3a-a97b-491e-9f65-08650793a9ab/telemetry,d0793047-5e24-43f6-92c1-ab660d5264b2,t@t.com,Unhandled Exception: Connect Timeout expired.,Connect Timeout expired.,"   at MySqlConnector.MySqlConnection.CreateSessionAsync(ConnectionPool pool, Int64 startingTimestamp, Activity activity, Nullable`1 ioBehavior, CancellationToken cancellationToken) in /_/src/MySqlConnector/MySqlConnection.cs:line 951
   at MySqlConnector.MySqlConnection.OpenAsync(Nullable`1 ioBehavior, CancellationToken cancellationToken) in /_/src/MySqlConnector/MySqlConnection.cs:line 419
   at Microsoft.EntityFrameworkCore.ServerVersion.AutoDetect(String connectionString)
   at WhereIsTheTrain.Infrastructure.DependencyInjection.<>c__DisplayClass0_0.<AddInfrastructure>b__0(DbContextOptionsBuilder options) in C:\Users\progk\.gemini\antigravity\scratch\where-is-the-train\backend\src\WhereIsTheTrain.Infrastructure\DependencyInjection.cs:line 20
   at Microsoft.Extensions.DependencyInjection.EntityFrameworkServiceCollectionExtensions.CreateDbContextOptions[TContext](IServiceProvider applicationServiceProvider, Action`2 optionsAction)
   at ResolveService(ILEmitResolverBuilderRuntimeContext, ServiceProviderEngineScope)
   at ResolveService(ILEmitResolverBuilderRuntimeContext, ServiceProviderEngineScope)
   at Microsoft.Extensions.DependencyInjection.ServiceLookup.ServiceProviderEngineScope.GetService(Type serviceType)
   at lambda_method357(Closure, IServiceProvider, Object[])
   at Microsoft.AspNetCore.Mvc.TypeFilterAttribute.CreateInstance(IServiceProvider serviceProvider)
   at Microsoft.AspNetCore.Mvc.Filters.DefaultFilterProvider.ProvideFilter(FilterProviderContext context, FilterItem filterItem)
   at Microsoft.AspNetCore.Mvc.Filters.FilterFactory.CreateUncachedFiltersCore(IFilterProvider[] filterProviders, ActionContext actionContext, List`1 filterItems)
   at Microsoft.AspNetCore.Mvc.Infrastructure.ControllerActionInvokerCache.GetCachedResult(ControllerContext controllerContext)
   at Microsoft.AspNetCore.Mvc.Routing.ControllerRequestDelegateFactory.<>c__DisplayClass12_0.<CreateRequestDelegate>b__0(HttpContext context)
   at Microsoft.AspNetCore.Routing.EndpointMiddleware.Invoke(HttpContext httpContext)
   at Microsoft.AspNetCore.Authorization.AuthorizationMiddleware.Invoke(HttpContext context)
   at Microsoft.AspNetCore.Authentication.AuthenticationMiddleware.Invoke(HttpContext context)
   at Swashbuckle.AspNetCore.SwaggerUI.SwaggerUIMiddleware.Invoke(HttpContext httpContext)
   at Swashbuckle.AspNetCore.Swagger.SwaggerMiddleware.Invoke(HttpContext httpContext, ISwaggerProvider swaggerProvider)
   at WhereIsTheTrain.API.Middleware.ExceptionHandlingMiddleware.InvokeAsync(HttpContext context) in C:\Users\progk\.gemini\antigravity\scratch\where-is-the-train\backend\src\WhereIsTheTrain.API\Middleware\ExceptionHandlingMiddleware.cs:line 26"
cdbc7d14-9f10-4a5e-97fa-46bb523ba202,2026-06-19T17:40:21.9045980,Info,AdminAction,/api/admin/suggestions/trains/69b62583-2f35-488d-9646-2730ea88bf55/review,00000000-0000-0000-0000-000000009002,superadmin@whereisthetrain.com,"Admin executed PUT on /api/admin/suggestions/trains/69b62583-2f35-488d-9646-2730ea88bf55/review. Action: WhereIsTheTrain.API.Controllers.AdminController.ReviewTrainSuggestion (WhereIsTheTrain.API). Payload: {""id"":""69b62583-2f35-488d-9646-2730ea88bf55"",""request"":{""Status"":1,""AdminNotes"":null,""TrainNumber"":""983"",""NameAr"":""Vip"",""NameEn"":""Vip"",""DescriptionAr"":null,""DescriptionEn"":null,""RouteDescriptionEn"":""Al Ayat -\u003E Asyut Station -\u003E Al Badrashein""}}",,
cdedabc6-828f-4c54-8039-1e6020b307ca,2026-06-17T18:00:31.8434350,Error,Frontend,http://localhost:5245/api/trips/5212ec3a-a97b-491e-9f65-08650793a9ab/telemetry,d0793047-5e24-43f6-92c1-ab660d5264b2,t@t.com,API request failed: Request failed with status 500,Request failed with status 500,
cef4d637-44ca-4b37-80e8-0481d2009d63,2026-06-17T18:03:48.2587210,Error,Frontend,http://localhost:5245/api/trips/5212ec3a-a97b-491e-9f65-08650793a9ab/telemetry,d0793047-5e24-43f6-92c1-ab660d5264b2,t@t.com,API request failed: Telemetry discarded: raw coordinate is too far from the track.,Telemetry discarded: raw coordinate is too far from the track.,
d18dcabd-7b53-46a1-8220-a2f7417d253b,2026-06-16T19:06:20.8706550,Error,Mobile,http://192.168.1.11:5245/api/trips/b4cb95f2-4499-496e-ad63-961a80566bb7/telemetry,,,Mobile API request failed: Telemetry discarded: raw coordinate is too far from the track.,Telemetry discarded: raw coordinate is too far from the track.,
d1c6e030-3ba6-4f0f-bb23-e58a647bd191,2026-06-16T19:13:34.2894430,Error,Mobile,http://192.168.1.11:5245/api/trips/07677dd5-c59b-464e-9723-de6adaf71aaa/telemetry,,,Mobile API request failed: Telemetry discarded: raw coordinate is too far from the track.,Telemetry discarded: raw coordinate is too far from the track.,
d40b0c4f-831c-4ca1-bab3-7a1e6710aa6c,2026-06-16T19:05:56.2045800,Error,Mobile,http://192.168.1.11:5245/api/trips/b4cb95f2-4499-496e-ad63-961a80566bb7/telemetry,,,Mobile API request failed: Telemetry discarded: raw coordinate is too far from the track.,Telemetry discarded: raw coordinate is too far from the track.,
d7d19b75-c938-462d-a27b-8394862ec60e,2026-06-17T18:00:29.9722640,Error,API,/api/dashboard/disruptions,d0793047-5e24-43f6-92c1-ab660d5264b2,t@t.com,Unhandled Exception: Connect Timeout expired.,Connect Timeout expired.,"   at MySqlConnector.MySqlConnection.CreateSessionAsync(ConnectionPool pool, Int64 startingTimestamp, Activity activity, Nullable`1 ioBehavior, CancellationToken cancellationToken) in /_/src/MySqlConnector/MySqlConnection.cs:line 951
   at MySqlConnector.MySqlConnection.OpenAsync(Nullable`1 ioBehavior, CancellationToken cancellationToken) in /_/src/MySqlConnector/MySqlConnection.cs:line 419
   at Microsoft.EntityFrameworkCore.ServerVersion.AutoDetect(String connectionString)
   at WhereIsTheTrain.Infrastructure.DependencyInjection.<>c__DisplayClass0_0.<AddInfrastructure>b__0(DbContextOptionsBuilder options) in C:\Users\progk\.gemini\antigravity\scratch\where-is-the-train\backend\src\WhereIsTheTrain.Infrastructure\DependencyInjection.cs:line 20
   at Microsoft.Extensions.DependencyInjection.EntityFrameworkServiceCollectionExtensions.CreateDbContextOptions[TContext](IServiceProvider applicationServiceProvider, Action`2 optionsAction)
   at ResolveService(ILEmitResolverBuilderRuntimeContext, ServiceProviderEngineScope)
   at ResolveService(ILEmitResolverBuilderRuntimeContext, ServiceProviderEngineScope)
   at Microsoft.Extensions.DependencyInjection.ServiceLookup.ServiceProviderEngineScope.GetService(Type serviceType)
   at lambda_method357(Closure, IServiceProvider, Object[])
   at Microsoft.AspNetCore.Mvc.TypeFilterAttribute.CreateInstance(IServiceProvider serviceProvider)
   at Microsoft.AspNetCore.Mvc.Filters.DefaultFilterProvider.ProvideFilter(FilterProviderContext context, FilterItem filterItem)
   at Microsoft.AspNetCore.Mvc.Filters.FilterFactory.CreateUncachedFiltersCore(IFilterProvider[] filterProviders, ActionContext actionContext, List`1 filterItems)
   at Microsoft.AspNetCore.Mvc.Infrastructure.ControllerActionInvokerCache.GetCachedResult(ControllerContext controllerContext)
   at Microsoft.AspNetCore.Mvc.Routing.ControllerRequestDelegateFactory.<>c__DisplayClass12_0.<CreateRequestDelegate>b__0(HttpContext context)
   at Microsoft.AspNetCore.Routing.EndpointMiddleware.Invoke(HttpContext httpContext)
   at Microsoft.AspNetCore.Authorization.AuthorizationMiddleware.Invoke(HttpContext context)
   at Microsoft.AspNetCore.Authentication.AuthenticationMiddleware.Invoke(HttpContext context)
   at Swashbuckle.AspNetCore.SwaggerUI.SwaggerUIMiddleware.Invoke(HttpContext httpContext)
   at Swashbuckle.AspNetCore.Swagger.SwaggerMiddleware.Invoke(HttpContext httpContext, ISwaggerProvider swaggerProvider)
   at WhereIsTheTrain.API.Middleware.ExceptionHandlingMiddleware.InvokeAsync(HttpContext context) in C:\Users\progk\.gemini\antigravity\scratch\where-is-the-train\backend\src\WhereIsTheTrain.API\Middleware\ExceptionHandlingMiddleware.cs:line 26"
d8953160-f71a-4b98-8c2c-3c4e00aeffa5,2026-06-17T17:49:27.4095890,Error,API,/api/dashboard/disruptions,d0793047-5e24-43f6-92c1-ab660d5264b2,t@t.com,Unhandled Exception: Connect Timeout expired.,Connect Timeout expired.,"   at MySqlConnector.MySqlConnection.CreateSessionAsync(ConnectionPool pool, Int64 startingTimestamp, Activity activity, Nullable`1 ioBehavior, CancellationToken cancellationToken) in /_/src/MySqlConnector/MySqlConnection.cs:line 951
   at MySqlConnector.MySqlConnection.OpenAsync(Nullable`1 ioBehavior, CancellationToken cancellationToken) in /_/src/MySqlConnector/MySqlConnection.cs:line 419
   at Microsoft.EntityFrameworkCore.ServerVersion.AutoDetect(String connectionString)
   at WhereIsTheTrain.Infrastructure.DependencyInjection.<>c__DisplayClass0_0.<AddInfrastructure>b__0(DbContextOptionsBuilder options) in C:\Users\progk\.gemini\antigravity\scratch\where-is-the-train\backend\src\WhereIsTheTrain.Infrastructure\DependencyInjection.cs:line 20
   at Microsoft.Extensions.DependencyInjection.EntityFrameworkServiceCollectionExtensions.CreateDbContextOptions[TContext](IServiceProvider applicationServiceProvider, Action`2 optionsAction)
   at ResolveService(ILEmitResolverBuilderRuntimeContext, ServiceProviderEngineScope)
   at ResolveService(ILEmitResolverBuilderRuntimeContext, ServiceProviderEngineScope)
   at Microsoft.Extensions.DependencyInjection.ServiceLookup.ServiceProviderEngineScope.GetService(Type serviceType)
   at lambda_method357(Closure, IServiceProvider, Object[])
   at Microsoft.AspNetCore.Mvc.TypeFilterAttribute.CreateInstance(IServiceProvider serviceProvider)
   at Microsoft.AspNetCore.Mvc.Filters.DefaultFilterProvider.ProvideFilter(FilterProviderContext context, FilterItem filterItem)
   at Microsoft.AspNetCore.Mvc.Filters.FilterFactory.CreateUncachedFiltersCore(IFilterProvider[] filterProviders, ActionContext actionContext, List`1 filterItems)
   at Microsoft.AspNetCore.Mvc.Infrastructure.ControllerActionInvokerCache.GetCachedResult(ControllerContext controllerContext)
   at Microsoft.AspNetCore.Mvc.Routing.ControllerRequestDelegateFactory.<>c__DisplayClass12_0.<CreateRequestDelegate>b__0(HttpContext context)
   at Microsoft.AspNetCore.Routing.EndpointMiddleware.Invoke(HttpContext httpContext)
   at Microsoft.AspNetCore.Authorization.AuthorizationMiddleware.Invoke(HttpContext context)
   at Microsoft.AspNetCore.Authentication.AuthenticationMiddleware.Invoke(HttpContext context)
   at Swashbuckle.AspNetCore.SwaggerUI.SwaggerUIMiddleware.Invoke(HttpContext httpContext)
   at Swashbuckle.AspNetCore.Swagger.SwaggerMiddleware.Invoke(HttpContext httpContext, ISwaggerProvider swaggerProvider)
   at WhereIsTheTrain.API.Middleware.ExceptionHandlingMiddleware.InvokeAsync(HttpContext context) in C:\Users\progk\.gemini\antigravity\scratch\where-is-the-train\backend\src\WhereIsTheTrain.API\Middleware\ExceptionHandlingMiddleware.cs:line 26"
da8decab-9ad6-45df-b219-d1bf520b8f85,2026-06-17T18:01:28.2727630,Error,Frontend,http://localhost:5245/api/trips/5212ec3a-a97b-491e-9f65-08650793a9ab/telemetry,d0793047-5e24-43f6-92c1-ab660d5264b2,t@t.com,API request failed: Telemetry discarded: raw coordinate is too far from the track.,Telemetry discarded: raw coordinate is too far from the track.,
dddc0fbd-ceb5-4a2e-995f-00b8a154b801,2026-06-16T18:17:53.3424080,Error,Mobile,http://192.168.1.11:5245/api/trains/20000000-0000-0000-0000-000000000022/follow-plan,,,Mobile API request failed: Request failed with status code 400,Request failed with status code 400,
dfcab5c3-77d2-449e-88cf-8e79c7b32832,2026-06-16T23:16:39.6048000,Error,Frontend,http://localhost:5245/api/trips/a37953de-28e8-4857-94f5-e105faeeda47/telemetry,d0793047-5e24-43f6-92c1-ab660d5264b2,t@t.com,API request failed: Telemetry discarded: raw coordinate is too far from the track.,Telemetry discarded: raw coordinate is too far from the track.,
e277af69-0bbc-41b3-86cd-61fa81782263,2026-06-16T18:57:27.6948550,Error,Mobile,http://192.168.1.11:5245/api/trips/b4cb95f2-4499-496e-ad63-961a80566bb7/status,,,Mobile API request failed: Request failed with status code 400,Request failed with status code 400,
e28387c1-63b1-4202-9494-cedef7e5f527,2026-06-16T19:05:19.9626730,Error,Mobile,http://192.168.1.11:5245/api/trips/b4cb95f2-4499-496e-ad63-961a80566bb7/status,,,Mobile API request failed: Request failed with status code 400,Request failed with status code 400,
e283e56e-a93b-4bf7-b64d-876cb6a863c1,2026-06-19T16:04:40.6746480,Error,Admin,http://localhost:5245/api/lost-found/f059423a-e912-4511-98c5-e03f41d605ff?_t=1781885080541,00000000-0000-0000-0000-000000009002,superadmin@whereisthetrain.com,API request failed: Post not found.,Post not found.,
e75fb139-2754-4a50-b2e5-841104196d9a,2026-06-16T23:16:09.5400890,Error,Frontend,http://localhost:5245/api/trips/a37953de-28e8-4857-94f5-e105faeeda47/telemetry,d0793047-5e24-43f6-92c1-ab660d5264b2,t@t.com,API request failed: Telemetry discarded: raw coordinate is too far from the track.,Telemetry discarded: raw coordinate is too far from the track.,
e789b90d-df90-4187-a846-2c3f0d6fb590,2026-06-16T18:19:01.7820180,Error,Mobile,http://192.168.1.11:5245/api/trips/dc38b510-bb84-4c40-b333-d4b37e2b7d5d/telemetry,,,Mobile API request failed: Telemetry discarded: raw coordinate is too far from the track.,Telemetry discarded: raw coordinate is too far from the track.,
e9de0730-57cc-4c10-9e76-eb39953a2506,2026-06-16T19:14:58.6342180,Error,Mobile,http://192.168.1.11:5245/api/trips/07677dd5-c59b-464e-9723-de6adaf71aaa/telemetry,,,Mobile API request failed: Telemetry discarded: raw coordinate is too far from the track.,Telemetry discarded: raw coordinate is too far from the track.,
eb50a6be-a707-4dcb-a867-cd68a92b3fa3,2026-06-16T23:15:19.5699040,Error,Frontend,http://localhost:5245/api/trips/a37953de-28e8-4857-94f5-e105faeeda47/telemetry,d0793047-5e24-43f6-92c1-ab660d5264b2,t@t.com,API request failed: Telemetry discarded: raw coordinate is too far from the track.,Telemetry discarded: raw coordinate is too far from the track.,
ef896517-34bd-46a5-80c7-41fc19a59eb0,2026-06-16T19:14:38.7275790,Error,Mobile,http://192.168.1.11:5245/api/trips/07677dd5-c59b-464e-9723-de6adaf71aaa/telemetry,,,Mobile API request failed: Telemetry discarded: raw coordinate is too far from the track.,Telemetry discarded: raw coordinate is too far from the track.,
f0d2cb73-cb12-44ce-abb2-fe813ca5d456,2026-06-17T18:05:46.2868670,Error,API,/api/trips/updates/e95abb64-1774-4101-b9dc-8a06d6b3255d/removal-request,d0793047-5e24-43f6-92c1-ab660d5264b2,t@t.com,Unhandled Exception: Connect Timeout expired.,Connect Timeout expired.,"   at MySqlConnector.MySqlConnection.CreateSessionAsync(ConnectionPool pool, Int64 startingTimestamp, Activity activity, Nullable`1 ioBehavior, CancellationToken cancellationToken) in /_/src/MySqlConnector/MySqlConnection.cs:line 951
   at MySqlConnector.MySqlConnection.OpenAsync(Nullable`1 ioBehavior, CancellationToken cancellationToken) in /_/src/MySqlConnector/MySqlConnection.cs:line 419
   at Microsoft.EntityFrameworkCore.ServerVersion.AutoDetect(String connectionString)
   at WhereIsTheTrain.Infrastructure.DependencyInjection.<>c__DisplayClass0_0.<AddInfrastructure>b__0(DbContextOptionsBuilder options) in C:\Users\progk\.gemini\antigravity\scratch\where-is-the-train\backend\src\WhereIsTheTrain.Infrastructure\DependencyInjection.cs:line 20
   at Microsoft.Extensions.DependencyInjection.EntityFrameworkServiceCollectionExtensions.CreateDbContextOptions[TContext](IServiceProvider applicationServiceProvider, Action`2 optionsAction)
   at ResolveService(ILEmitResolverBuilderRuntimeContext, ServiceProviderEngineScope)
   at ResolveService(ILEmitResolverBuilderRuntimeContext, ServiceProviderEngineScope)
   at Microsoft.Extensions.DependencyInjection.ServiceLookup.ServiceProviderEngineScope.GetService(Type serviceType)
   at lambda_method357(Closure, IServiceProvider, Object[])
   at Microsoft.AspNetCore.Mvc.TypeFilterAttribute.CreateInstance(IServiceProvider serviceProvider)
   at Microsoft.AspNetCore.Mvc.Filters.DefaultFilterProvider.ProvideFilter(FilterProviderContext context, FilterItem filterItem)
   at Microsoft.AspNetCore.Mvc.Filters.FilterFactory.CreateUncachedFiltersCore(IFilterProvider[] filterProviders, ActionContext actionContext, List`1 filterItems)
   at Microsoft.AspNetCore.Mvc.Filters.FilterFactory.GetAllFilters(IFilterProvider[] filterProviders, ActionContext actionContext)
   at Microsoft.AspNetCore.Mvc.Infrastructure.ControllerActionInvokerCache.GetCachedResult(ControllerContext controllerContext)
   at Microsoft.AspNetCore.Mvc.Routing.ControllerRequestDelegateFactory.<>c__DisplayClass12_0.<CreateRequestDelegate>b__0(HttpContext context)
   at Microsoft.AspNetCore.Routing.EndpointMiddleware.Invoke(HttpContext httpContext)
   at Microsoft.AspNetCore.Authorization.AuthorizationMiddleware.Invoke(HttpContext context)
   at Microsoft.AspNetCore.Authentication.AuthenticationMiddleware.Invoke(HttpContext context)
   at Swashbuckle.AspNetCore.SwaggerUI.SwaggerUIMiddleware.Invoke(HttpContext httpContext)
   at Swashbuckle.AspNetCore.Swagger.SwaggerMiddleware.Invoke(HttpContext httpContext, ISwaggerProvider swaggerProvider)
   at WhereIsTheTrain.API.Middleware.ExceptionHandlingMiddleware.InvokeAsync(HttpContext context) in C:\Users\progk\.gemini\antigravity\scratch\where-is-the-train\backend\src\WhereIsTheTrain.API\Middleware\ExceptionHandlingMiddleware.cs:line 26"
f0db702f-1e3f-430d-92e0-d8394c2bd790,2026-06-16T19:13:42.2692490,Error,Mobile,http://192.168.1.11:5245/api/trips/07677dd5-c59b-464e-9723-de6adaf71aaa/telemetry,,,Mobile API request failed: Telemetry discarded: raw coordinate is too far from the track.,Telemetry discarded: raw coordinate is too far from the track.,
f8904db4-bdbc-42a7-8acb-f26717cc12ff,2026-06-17T18:00:38.2713210,Error,Frontend,http://localhost:5245/api/trips/5212ec3a-a97b-491e-9f65-08650793a9ab/telemetry,d0793047-5e24-43f6-92c1-ab660d5264b2,t@t.com,API request failed: Telemetry discarded: raw coordinate is too far from the track.,Telemetry discarded: raw coordinate is too far from the track.,
f8951318-fbc5-4318-b970-70e43fa8a0cd,2026-06-16T19:13:02.2165460,Error,Mobile,http://192.168.1.11:5245/api/trips/07677dd5-c59b-464e-9723-de6adaf71aaa/telemetry,,,Mobile API request failed: Telemetry discarded: raw coordinate is too far from the track.,Telemetry discarded: raw coordinate is too far from the track.,
fb6220e9-34cc-4274-acb6-14a67b1d8414,2026-06-17T18:00:48.2486570,Error,Frontend,http://localhost:5245/api/trips/5212ec3a-a97b-491e-9f65-08650793a9ab/telemetry,d0793047-5e24-43f6-92c1-ab660d5264b2,t@t.com,API request failed: Telemetry discarded: raw coordinate is too far from the track.,Telemetry discarded: raw coordinate is too far from the track.,
fb6748d1-9ad1-4a5a-960e-5da97b8704be,2026-06-16T18:18:24.6545490,Error,Mobile,http://192.168.1.11:5245/api/trips/b4cb95f2-4499-496e-ad63-961a80566bb7/status,,,Mobile API request failed: Request failed with status code 400,Request failed with status code 400,
fba9363c-e67b-4302-a9a0-3caf51968e9f,2026-06-16T19:14:18.6619400,Error,Mobile,http://192.168.1.11:5245/api/trips/07677dd5-c59b-464e-9723-de6adaf71aaa/telemetry,,,Mobile API request failed: Telemetry discarded: raw coordinate is too far from the track.,Telemetry discarded: raw coordinate is too far from the track.,
fc509cea-6b24-413d-982e-eea91eb3c75d,2026-06-16T18:19:21.5276580,Error,Mobile,http://192.168.1.11:5245/api/trips/dc38b510-bb84-4c40-b333-d4b37e2b7d5d/telemetry,,,Mobile API request failed: Telemetry discarded: raw coordinate is too far from the track.,Telemetry discarded: raw coordinate is too far from the track.,
